Produit;Categories_OFF;Prediction_Categorie
orange juice;Boissons;Boissons
tonik;Fruits & Légumes;Fruits & Légumes
confiture de fraise;Fruits & Légumes;Fruits & Légumes
sourdough white ciabattin bread;Fruits & Légumes;Fruits & Légumes
gerostete mandel ohne zucker;Boissons;Boissons
white sourdough bread;Fruits & Légumes;Fruits & Légumes
sourdough grains & seeds;Fruits & Légumes;Fruits & Légumes
almonds;Fruits & Légumes;Fruits & Légumes
cashewkerne naturbelassen;Fruits & Légumes;Fruits & Légumes
nescafe classic;Boissons;Boissons
baked beans;Fruits & Légumes;Fruits & Légumes
ohne zucker hafer;Boissons;Boissons
oat drink barista edition;Boissons;Boissons
margarine la prairie 225g;Fruits & Légumes;Fruits & Légumes
tartine croustillante authentique;Fruits & Légumes;Fruits & Légumes
familia 200g;Fruits & Légumes;Fruits & Légumes
lightly sea salted;Fruits & Légumes;Fruits & Légumes
tonik;Fruits & Légumes;Fruits & Légumes
confiture de fraise;Fruits & Légumes;Fruits & Légumes
sourdough white ciabattin bread;Fruits & Légumes;Fruits & Légumes
gerostete mandel ohne zucker;Boissons;Boissons
white sourdough bread;Fruits & Légumes;Fruits & Légumes
sourdough grains & seeds;Fruits & Légumes;Fruits & Légumes
almonds;Fruits & Légumes;Fruits & Légumes
cashewkerne naturbelassen;Fruits & Légumes;Fruits & Légumes
nescafe classic;Boissons;Boissons
baked beans;Fruits & Légumes;Fruits & Légumes
ohne zucker hafer;Boissons;Boissons
oat drink barista edition;Boissons;Boissons
margarine la prairie 225g;Fruits & Légumes;Fruits & Légumes
tartine croustillante authentique;Fruits & Légumes;Fruits & Légumes
familia 200g;Fruits & Légumes;Fruits & Légumes
lightly sea salted;Fruits & Légumes;Fruits & Légumes
weetabix;Fruits & Légumes;Fruits & Légumes
prince gout chocolat;Épicerie sucrée;Épicerie sucrée
excellence noir prodigieux 90% cacao;Épicerie sucrée;Épicerie sucrée
excellence 70% cocoa intense dark;Épicerie sucrée;Épicerie sucrée
tonik;Fruits & Légumes;Fruits & Légumes
sesame;Épicerie sucrée;Épicerie sucrée
zero sin azucares fibra;Épicerie sucrée;Épicerie sucrée
excellence 85% cacao rich dark;Épicerie sucrée;Épicerie sucrée
dark chocolate 85% cocoa;Épicerie sucrée;Épicerie sucrée
henrys;Épicerie sucrée;Épicerie sucrée
organic 70% dark chocolate bar;Épicerie sucrée;Épicerie sucrée
king cookies;Épicerie sucrée;Épicerie sucrée
sable coco henry s 42g;Épicerie sucrée;Épicerie sucrée
tartine croustillante authentique;Fruits & Légumes;Fruits & Légumes
excellence noir intense 70% cacao;Ferment;Épicerie sucrée
lightly sea salted;Fruits & Légumes;Fruits & Légumes
dark chocolate;Épicerie sucrée;Épicerie sucrée
excellence noir puissant 85% cacao;Épicerie sucrée;Épicerie sucrée
fourres chocolat noir;Épicerie sucrée;Épicerie sucrée
extra dark chocolate 74% cacao;Épicerie sucrée;Épicerie sucrée
prince gout chocolat;Épicerie sucrée;Épicerie sucrée
excellence noir prodigieux 90% cacao;Épicerie sucrée;Épicerie sucrée
excellence 70% cocoa intense dark;Épicerie sucrée;Épicerie sucrée
tonik;Fruits & Légumes;Fruits & Légumes
sesame;Épicerie sucrée;Épicerie sucrée
zero sin azucares fibra;Épicerie sucrée;Épicerie sucrée
excellence 85% cacao rich dark;Épicerie sucrée;Épicerie sucrée
dark chocolate 85% cocoa;Épicerie sucrée;Épicerie sucrée
henrys;Épicerie sucrée;Épicerie sucrée
organic 70% dark chocolate bar;Épicerie sucrée;Épicerie sucrée
king cookies;Épicerie sucrée;Épicerie sucrée
sable coco henry s 42g;Épicerie sucrée;Épicerie sucrée
excellence noir intense 70% cacao;Ferment;Épicerie sucrée
dark chocolate;Épicerie sucrée;Épicerie sucrée
excellence noir puissant 85% cacao;Épicerie sucrée;Épicerie sucrée
fourres chocolat noir;Épicerie sucrée;Épicerie sucrée
extra dark chocolate 74% cacao;Épicerie sucrée;Épicerie sucrée
henrys;Épicerie sucrée;Épicerie sucrée
momo black;Épicerie sucrée;Épicerie sucrée
sidi ali;Boissons;Boissons
sidi ali;Boissons;Boissons
eau minerale naturelle;Boissons;Boissons
eau de source;Boissons;Boissons
ain saiss;Boissons;Boissons
eau mineral naturelle;Boissons;Boissons
6111035000027;Boissons;Fruits & Légumes
original taste;Boissons;Boissons
oulmes natural carbonated water;Boissons;Fruits & Légumes
orange juice;Boissons;Boissons
ain saiss eau minerale naturelle;Boissons;Boissons
ain atlas;Boissons;Boissons
ain atlas;Boissons;Boissons
gerostete mandel ohne zucker;Boissons;Boissons
cristaline eau de source 0.5l;Boissons;Boissons
bte 33cl slim coca cola;Boissons;Boissons
ciel;Boissons;Fruits & Légumes
perly;Produits laitiers;Produits laitiers
lait;Produits laitiers;Produits laitiers
fromage blanc nature;Produits laitiers;Produits laitiers
lait entier uht;Produits laitiers;Produits laitiers
jben;Produits laitiers;Produits laitiers
marmite yeast extract;Produits laitiers;Produits laitiers
lait frais;Produits laitiers;Produits laitiers
yaourt nature;Produits laitiers;Produits laitiers
cheddar;Produits laitiers;Produits laitiers
assil;Produits laitiers;Produits laitiers
salim;Produits laitiers;Produits laitiers
cremy;Produits laitiers;Produits laitiers
cream cheese;Produits laitiers;Produits laitiers
spreadable slightly salted;Produits laitiers;Produits laitiers
jamila;Fruits & Légumes;Fruits & Légumes
lait u.h.t entier;Produits laitiers;Produits laitiers
familia 200g;Fruits & Légumes;Fruits & Légumes
tonik;Fruits & Légumes;Fruits & Légumes
sourdough white ciabattin bread;Fruits & Légumes;Fruits & Légumes
white sourdough bread;Fruits & Légumes;Fruits & Légumes
sourdough grains & seeds;Fruits & Légumes;Fruits & Légumes
ohne zucker hafer;Boissons;Boissons
oat drink barista edition;Boissons;Boissons
tartine croustillante authentique;Fruits & Légumes;Fruits & Légumes
lightly sea salted;Fruits & Légumes;Fruits & Légumes
weetabix;Fruits & Légumes;Fruits & Légumes
organic - lightly salted - wholegrain low fat - rice cakes imp;Fruits & Légumes;Fruits & Légumes
pain de mie grandes tranches seigle & graines 500g;Fruits & Légumes;Fruits & Légumes
sourdough bread - superb sprouted grains n7;Fruits & Légumes;Fruits & Légumes
fibres;Fruits & Légumes;Fruits & Légumes
krisprolls complets sans sucres ajoutes;Fruits & Légumes;Fruits & Légumes
14 maxi tranches complet sans sucres ajoutes;Fruits & Légumes;Fruits & Légumes
cruesly melange de noix;Fruits & Légumes;Fruits & Légumes
tartines craquantes au sarrasin imp;Fruits & Légumes;Fruits & Légumes
dark rye crispbread;Fruits & Légumes;Fruits & Légumes
family pack;Fruits & Légumes;Fruits & Légumes
zarte haferflocken;Fruits & Légumes;Fruits & Légumes
herta le bon paris jambon a l'etouffee sans nitrite x4-140g;Viandes & Charcuterie;Viandes & Charcuterie
pork sausages;Viandes & Charcuterie;Viandes & Charcuterie
herta knacki veggie saucisses vegetales x6 -210g;Fruits & Légumes;Fruits & Légumes
blanc de poulet;Viandes & Charcuterie;Viandes & Charcuterie
no artificial additives 6 pork sausages;Viandes & Charcuterie;Viandes & Charcuterie
le superieur - a l'etouffee - conservation sans nitrite;Viandes & Charcuterie;Viandes & Charcuterie
le superieur -25% de sel - conservation sans nitrite;Viandes & Charcuterie;Viandes & Charcuterie
herta le bon paris jambon sel reduit sans nitrite x4-140g;Viandes & Charcuterie;Viandes & Charcuterie
blanc de poulet 100% filet;Viandes & Charcuterie;Viandes & Charcuterie
blanc de poulet  - 25% de sel*;Viandes & Charcuterie;Viandes & Charcuterie
pechuga de pavo cocida 92%;Viandes & Charcuterie;Viandes & Charcuterie
bisto gravy granules;Viandes & Charcuterie;Fruits & Légumes
filet de poulet  roti;Viandes & Charcuterie;Viandes & Charcuterie
unsmoked back bacon rashers;Viandes & Charcuterie;Fruits & Légumes
herta le bon paris jambon a l'etouffee x4 -170g;Viandes & Charcuterie;Viandes & Charcuterie
herta blanc poulet nature conservation sans nitrite x4 -140g;Viandes & Charcuterie;Viandes & Charcuterie
poulet au curry et noix de coco ;Épicerie salée;Viandes & Charcuterie
roti de poulet - 100% filet;Viandes & Charcuterie;Viandes & Charcuterie
luncheon;Viandes & Charcuterie;Fruits & Légumes
couscous oriental legumes cuisines et poulet emince;Viandes & Charcuterie;Viandes & Charcuterie
perly;Produits laitiers;Produits laitiers
fromage blanc nature;Produits laitiers;Produits laitiers
jben;Produits laitiers;Produits laitiers
marmite yeast extract;Produits laitiers;Produits laitiers
yaourt nature;Produits laitiers;Produits laitiers
cheddar;Produits laitiers;Produits laitiers
assil;Produits laitiers;Produits laitiers
cremy;Produits laitiers;Produits laitiers
cream cheese;Produits laitiers;Produits laitiers
jamila;Fruits & Légumes;Fruits & Légumes
excellence noir intense 70% cacao;Ferment;Épicerie sucrée
skyr nature 0%;Produits laitiers;Produits laitiers
danone assil banane;Produits laitiers;Produits laitiers
jebli;Produits laitiers;Produits laitiers
raibi;Produits laitiers;Produits laitiers
tendre nature;Produits laitiers;Produits laitiers
natural yogurt;Produits laitiers;Produits laitiers
yaourt grec muesli;Produits laitiers;Produits laitiers
perly;Produits laitiers;Produits laitiers
fromage blanc nature;Produits laitiers;Produits laitiers
jben;Produits laitiers;Produits laitiers
marmite yeast extract;Produits laitiers;Produits laitiers
yaourt nature;Produits laitiers;Produits laitiers
cheddar;Produits laitiers;Produits laitiers
assil;Produits laitiers;Produits laitiers
cremy;Produits laitiers;Produits laitiers
cream cheese;Produits laitiers;Produits laitiers
jamila;Fruits & Légumes;Fruits & Légumes
skyr nature 0%;Produits laitiers;Produits laitiers
danone assil banane;Produits laitiers;Produits laitiers
jebli;Produits laitiers;Produits laitiers
raibi;Produits laitiers;Produits laitiers
tendre nature;Produits laitiers;Produits laitiers
natural yogurt;Produits laitiers;Produits laitiers
yaourt grec muesli;Produits laitiers;Produits laitiers
danino;Produits laitiers;Produits laitiers
confiture de fraise;Fruits & Légumes;Fruits & Légumes
baked beans;Fruits & Légumes;Fruits & Légumes
ain soltane;Boissons;Boissons
concentre de tomates aicha;Fruits & Légumes;Fruits & Légumes
fruit & nut mix;Fruits & Légumes;Fruits & Légumes
strawberry jam;Fruits & Légumes;Fruits & Légumes
delicia double concentre de tomates;Fruits & Légumes;Fruits & Légumes
delicia - confiture d'abricot;Fruits & Légumes;Fruits & Légumes
tomates cerises allongees;Fruits & Légumes;Fruits & Légumes
alvalle gazpacho l'original;Fruits & Légumes;Fruits & Légumes
double concentre de tomates;Fruits & Légumes;Fruits & Légumes
ratatouille cuisinee a la provencale cassegrain 380g;Fruits & Légumes;Fruits & Légumes
pom'potes compotes gourdes pomme nature 1x90g;Fruits & Légumes;Fruits & Légumes
aicha tomato paste;Fruits & Légumes;Fruits & Légumes
doce extra morango;Fruits & Légumes;Fruits & Légumes
double concentre de tomate;Fruits & Légumes;Fruits & Légumes
raspberry conserve;Fruits & Légumes;Fruits & Légumes
chopped tomatoes;Fruits & Légumes;Fruits & Légumes
confiture de fraises aicha;Fruits & Légumes;Fruits & Légumes
mayonnaise recette originale;Épicerie salée;Épicerie salée
star branded iodized salt;Épicerie salée;Épicerie salée
ketchup;Épicerie salée;Épicerie salée
sauce tomate cuisinee;Épicerie salée;Épicerie salée
star vinaigre de table blanc;Épicerie salée;Fruits & Légumes
611251753912;Épicerie salée;Fruits & Légumes
soyasaus;Épicerie salée;Fruits & Légumes
mayonnaise;Épicerie salée;Épicerie salée
pesto genovese 190g barilla;Épicerie salée;Épicerie salée
tomato ketchup;Épicerie salée;Épicerie salée
tomato ketchup;Épicerie salée;Épicerie salée
moutarde;Épicerie salée;Fruits & Légumes
tomato ketchup;Épicerie salée;Épicerie salée
clara mitchell tomato sauce;Épicerie salée;Épicerie salée
real mayonnaise;Épicerie salée;Épicerie salée
pesto rosso;Épicerie salée;Épicerie salée
mayonnaise;Épicerie salée;Épicerie salée
bol bol ketchup;Épicerie salée;Fruits & Légumes
pork sausages;Viandes & Charcuterie;Viandes & Charcuterie
blanc de poulet;Viandes & Charcuterie;Viandes & Charcuterie
no artificial additives 6 pork sausages;Viandes & Charcuterie;Viandes & Charcuterie
le superieur - a l'etouffee - conservation sans nitrite;Viandes & Charcuterie;Viandes & Charcuterie
le superieur -25% de sel - conservation sans nitrite;Viandes & Charcuterie;Viandes & Charcuterie
pechuga de pavo cocida 92%;Viandes & Charcuterie;Viandes & Charcuterie
unsmoked back bacon rashers;Viandes & Charcuterie;Fruits & Légumes
herta blanc poulet nature conservation sans nitrite x4 -140g;Viandes & Charcuterie;Viandes & Charcuterie
roti de poulet - 100% filet;Viandes & Charcuterie;Viandes & Charcuterie
zero nitrite - le superieur;Viandes & Charcuterie;Viandes & Charcuterie
jamon cocido natural;Viandes & Charcuterie;Viandes & Charcuterie
pechuga pavo  finas lonchas;Viandes & Charcuterie;Viandes & Charcuterie
herta lardons fumes conservation sans nitrite - 2x75g;Viandes & Charcuterie;Viandes & Charcuterie
lincolnshire sausages;Fruits & Légumes;Fruits & Légumes
jamon cocido extra;Viandes & Charcuterie;Viandes & Charcuterie
pechuga de pavo al corte;Viandes & Charcuterie;Viandes & Charcuterie
rillettes du mans - la veritable;Viandes & Charcuterie;Fruits & Légumes
aiguillettes de poulet roti;Viandes & Charcuterie;Viandes & Charcuterie
jamon serrano;Viandes & Charcuterie;Fruits & Légumes
fuet espetec extra;Viandes & Charcuterie;Fruits & Légumes
lait;Produits laitiers;Produits laitiers
alvalle gazpacho l'original;Fruits & Légumes;Fruits & Légumes
ratatouille cuisinee a la provencale cassegrain 380g;Fruits & Légumes;Fruits & Légumes
puy lentils & french green lentils;Fruits & Légumes;Fruits & Légumes
salade & compagnie manhattan poulet roti;Épicerie salée;Viandes & Charcuterie
cream of tomato soup;Épicerie salée;Fruits & Légumes
meat feast pizza;Épicerie salée;Épicerie salée
baked beans;Fruits & Légumes;Fruits & Légumes
organic beef stock cubes 8 pack;Épicerie salée;Fruits & Légumes
baked beans in tomato sauce;Fruits & Légumes;Fruits & Légumes
herta knacki veggie saucisses vegetales x6 -210g;Fruits & Légumes;Fruits & Légumes
pringles;Fruits & Légumes;Épicerie sucrée
instant nudeln - chicken flavour;Fruits & Légumes;Fruits & Légumes
classic chicken soup;Épicerie salée;Fruits & Légumes
ratatouille cuisinee a la provencale;Fruits & Légumes;Fruits & Légumes
heinz beanz no added sugar;Fruits & Légumes;Fruits & Légumes
baked beans;Fruits & Légumes;Fruits & Légumes
margherita sourdough pizza;Épicerie salée;Épicerie salée
roast chicken and traditional vegetables;Épicerie salée;Fruits & Légumes
perly;Produits laitiers;Produits laitiers
fromage blanc nature;Produits laitiers;Produits laitiers
yaourt nature;Produits laitiers;Produits laitiers
assil;Produits laitiers;Produits laitiers
cremy;Produits laitiers;Produits laitiers
jamila;Fruits & Légumes;Fruits & Légumes
skyr nature 0%;Produits laitiers;Produits laitiers
danone assil banane;Produits laitiers;Produits laitiers
raibi;Produits laitiers;Produits laitiers
tendre nature;Produits laitiers;Produits laitiers
natural yogurt;Produits laitiers;Produits laitiers
yaourt grec muesli;Produits laitiers;Produits laitiers
danino;Produits laitiers;Produits laitiers
ghilal yaourt zr3;Produits laitiers;Produits laitiers
nestle dessert;Épicerie sucrée;Épicerie sucrée
yeo valley organic kefir natural fermented yogurt;Fruits & Légumes;Fruits & Légumes
yaourt tendre;Produits laitiers;Produits laitiers
vanille au soja;Fruits & Légumes;Fruits & Légumes
prince gout chocolat;Épicerie sucrée;Épicerie sucrée
tonik;Fruits & Légumes;Fruits & Légumes
sesame;Épicerie sucrée;Épicerie sucrée
zero sin azucares fibra;Épicerie sucrée;Épicerie sucrée
henrys;Épicerie sucrée;Épicerie sucrée
king cookies;Épicerie sucrée;Épicerie sucrée
sable coco henry s 42g;Épicerie sucrée;Épicerie sucrée
fourres chocolat noir;Épicerie sucrée;Épicerie sucrée
henrys;Épicerie sucrée;Épicerie sucrée
momo black;Épicerie sucrée;Épicerie sucrée
biscuits croquants au coeur onctueux de nutella;Épicerie sucrée;Épicerie sucrée
eyoo cover;Épicerie sucrée;Épicerie sucrée
pomme   noisette;Épicerie sucrée;Épicerie sucrée
2 bars milk and hazelnuts;Épicerie sucrée;Épicerie sucrée
figue & son;Épicerie sucrée;Épicerie sucrée
petit beurre;Épicerie sucrée;Épicerie sucrée
king cookies choco;Épicerie sucrée;Épicerie sucrée
granola;Épicerie sucrée;Épicerie sucrée
henry's sable coco biscuit 85g;Épicerie sucrée;Épicerie sucrée
biscuit raisins;Épicerie sucrée;Épicerie sucrée
tonik;Fruits & Légumes;Fruits & Légumes
ohne zucker hafer;Boissons;Boissons
oat drink barista edition;Boissons;Boissons
weetabix;Fruits & Légumes;Fruits & Légumes
organic - lightly salted - wholegrain low fat - rice cakes imp;Fruits & Légumes;Fruits & Légumes
pain de mie grandes tranches seigle & graines 500g;Fruits & Légumes;Fruits & Légumes
cruesly melange de noix;Fruits & Légumes;Fruits & Légumes
family pack;Fruits & Légumes;Fruits & Légumes
zarte haferflocken;Fruits & Légumes;Fruits & Légumes
oat;Boissons;Boissons
flocons d'avoine;Fruits & Légumes;Fruits & Légumes
croustillant chocolat;Fruits & Légumes;Fruits & Légumes
weetabix original;Fruits & Légumes;Fruits & Légumes
36 wheat bisks;Fruits & Légumes;Fruits & Légumes
muesli raisin, figue, abricot;Fruits & Légumes;Fruits & Légumes
special muesli 30% fruits & noix;Fruits & Légumes;Fruits & Légumes
quaker rolled oats;Fruits & Légumes;Fruits & Légumes
lightly salted low fat corn cakes;Fruits & Légumes;Fruits & Légumes
muesli superfruits raisins, cassis,cranberry, myrtille;Fruits & Légumes;Fruits & Légumes
corn flakes;Fruits & Légumes;Fruits & Légumes
jben;Produits laitiers;Produits laitiers
marmite yeast extract;Produits laitiers;Produits laitiers
nutella;Épicerie sucrée;Épicerie sucrée
confiture de fraise;Fruits & Légumes;Fruits & Légumes
nutella;Épicerie sucrée;Épicerie sucrée
spreadable slightly salted;Produits laitiers;Produits laitiers
margarine la prairie 225g;Fruits & Légumes;Fruits & Légumes
familia 200g;Fruits & Légumes;Fruits & Légumes
nocciolata;Épicerie sucrée;Épicerie sucrée
pate a tartiner noisettes et cacao;Épicerie sucrée;Épicerie sucrée
tartine doux;Fruits & Légumes;Fruits & Légumes
el baraka confiture de fraises 430 g;Fruits & Légumes;Fruits & Légumes
pur beurre de cacahuete;Fruits & Légumes;Fruits & Légumes
nocciolata bio;Épicerie sucrée;Épicerie sucrée
confiture d'abricot;Fruits & Légumes;Fruits & Légumes
poulain;Épicerie sucrée;Épicerie sucrée
nutella;Épicerie sucrée;Épicerie sucrée
jebli;Produits laitiers;Produits laitiers
sidi ali;Boissons;Boissons
sidi ali;Boissons;Boissons
eau minerale naturelle;Boissons;Boissons
eau de source;Boissons;Boissons
ain saiss;Boissons;Boissons
eau mineral naturelle;Boissons;Boissons
6111035000027;Boissons;Fruits & Légumes
original taste;Boissons;Boissons
oulmes natural carbonated water;Boissons;Fruits & Légumes
orange juice;Boissons;Boissons
ain saiss eau minerale naturelle;Boissons;Boissons
ain atlas;Boissons;Boissons
ain atlas;Boissons;Boissons
gerostete mandel ohne zucker;Boissons;Boissons
cristaline eau de source 0.5l;Boissons;Boissons
bte 33cl slim coca cola;Boissons;Boissons
ciel;Boissons;Fruits & Légumes
perly;Produits laitiers;Produits laitiers
fromage blanc nature;Produits laitiers;Produits laitiers
jben;Produits laitiers;Produits laitiers
cheddar;Produits laitiers;Produits laitiers
cream cheese;Produits laitiers;Produits laitiers
skyr nature 0%;Produits laitiers;Produits laitiers
jebli;Produits laitiers;Produits laitiers
fresh square 0% - plain;Produits laitiers;Fruits & Légumes
philadelphia;Produits laitiers;Produits laitiers
carre frais - nature;Produits laitiers;Produits laitiers
tranches au gout cheddar;Produits laitiers;Produits laitiers
paysan breton - le fromage fouette madame loik - nature au sel de guerande;Produits laitiers;Produits laitiers
kiri carre 8p;Produits laitiers;Fruits & Légumes
perly fromage;Produits laitiers;Produits laitiers
st moret;Produits laitiers;Fruits & Légumes
coulommiers doux et cremeux;Produits laitiers;Fruits & Légumes
caprice des dieux;Produits laitiers;Fruits & Légumes
le gout primeur format familial;Produits laitiers;Produits laitiers
tonik;Fruits & Légumes;Fruits & Légumes
dark chocolate;Épicerie sucrée;Épicerie sucrée
dalaa 550 feuilles;Épicerie sucrée;Épicerie sucrée
granatapfel sauerkirsche fruchtgummi;Épicerie sucrée;Épicerie sucrée
toffifee;Épicerie sucrée;Épicerie sucrée
excellence a la pointe de fleur de sel noir;Épicerie sucrée;Fruits & Légumes
kinder bueno white;Épicerie sucrée;Épicerie sucrée
chocolate;Épicerie sucrée;Épicerie sucrée
peanut;Épicerie sucrée;Fruits & Légumes
toblerone;Épicerie sucrée;Épicerie sucrée
tonik;Épicerie sucrée;Fruits & Légumes
coco specialty;Épicerie sucrée;Épicerie sucrée
ferrero rocher;Épicerie sucrée;Épicerie sucrée
chocao energie;Épicerie sucrée;Fruits & Légumes
kinder country;Épicerie sucrée;Épicerie sucrée
extrem;Épicerie sucrée;Épicerie sucrée
kinder bueno;Épicerie sucrée;Épicerie sucrée
mayonnaise recette originale;Épicerie salée;Épicerie salée
ketchup;Épicerie salée;Épicerie salée
sauce tomate cuisinee;Épicerie salée;Épicerie salée
611251753912;Épicerie salée;Fruits & Légumes
soyasaus;Épicerie salée;Fruits & Légumes
mayonnaise;Épicerie salée;Épicerie salée
pesto genovese 190g barilla;Épicerie salée;Épicerie salée
tomato ketchup;Épicerie salée;Épicerie salée
tomato ketchup;Épicerie salée;Épicerie salée
moutarde;Épicerie salée;Fruits & Légumes
tomato ketchup;Épicerie salée;Épicerie salée
clara mitchell tomato sauce;Épicerie salée;Épicerie salée
real mayonnaise;Épicerie salée;Épicerie salée
pesto rosso;Épicerie salée;Épicerie salée
mayonnaise;Épicerie salée;Épicerie salée
bol bol ketchup;Épicerie salée;Fruits & Légumes
assaisonnement aromatise au citron;Épicerie salée;Fruits & Légumes
arome maggi;Épicerie salée;Fruits & Légumes
nutella;Épicerie sucrée;Épicerie sucrée
confiture de fraise;Fruits & Légumes;Fruits & Légumes
nutella;Épicerie sucrée;Épicerie sucrée
nocciolata;Épicerie sucrée;Épicerie sucrée
pate a tartiner noisettes et cacao;Épicerie sucrée;Épicerie sucrée
weetabix;Fruits & Légumes;Fruits & Légumes
el baraka confiture de fraises 430 g;Fruits & Légumes;Fruits & Légumes
pur beurre de cacahuete;Fruits & Légumes;Fruits & Légumes
nocciolata bio;Épicerie sucrée;Épicerie sucrée
confiture d'abricot;Fruits & Légumes;Fruits & Légumes
cruesly melange de noix;Fruits & Légumes;Fruits & Légumes
poulain;Épicerie sucrée;Épicerie sucrée
nutella;Épicerie sucrée;Épicerie sucrée
el baraka confiture d'abricots 430 g;Fruits & Légumes;Fruits & Légumes
nutella;Épicerie sucrée;Épicerie sucrée
be nuts ! - pate a tartiner cacahuete;Fruits & Légumes;Fruits & Légumes
family pack;Fruits & Légumes;Fruits & Légumes
zarte haferflocken;Fruits & Légumes;Fruits & Légumes
flocons d'avoine;Fruits & Légumes;Fruits & Légumes
nutella;Épicerie sucrée;Épicerie sucrée
100% mie complet 500g;Fruits & Légumes;Fruits & Légumes
coca-cola original taste;Boissons;Boissons
harrys pain de mie 100% mie nature sans croute 500g;Fruits & Légumes;Fruits & Légumes
pain de mie american sandwich complet sans sucres ajoutes 600g;Fruits & Légumes;Fruits & Légumes
harrys beau & bon pain de mie farine de ble cereales & graines 320g;Fruits & Légumes;Fruits & Légumes
vanilla ice cream;Épicerie sucrée;Épicerie sucrée
crispy minis choco, cereales de ble complet enrichies en vitamines et en fer avec du chocolat;Fruits & Légumes;Fruits & Légumes
country crisp 4 baies;Fruits & Légumes;Fruits & Légumes
biscottes sans sel et sans sucre ajoutes;Fruits & Légumes;Fruits & Légumes
pain de mie american sandwich rustique sans sucres ajoutes 500g;Fruits & Légumes;Fruits & Légumes
leerdammer original 8 tranches 200g;Produits laitiers;Fruits & Légumes
noisetta;Épicerie sucrée;Épicerie sucrée
biscuits germe de ble et pepites de chocolat;Épicerie sucrée;Épicerie sucrée
beau & bon pain de mie complet lin tournesol 320g;Fruits & Légumes;Fruits & Légumes
90g ferrero rocher tablette lt;Épicerie sucrée;Épicerie sucrée
lustucru gnocchi a poeler format xxl 720g;Fruits & Légumes;Fruits & Légumes
les tranches vege haricots blancs;Fruits & Légumes;Fruits & Légumes
ice tea;Boissons;Fruits & Légumes
fromage produit laitiers;Produits laitiers;Fruits & Légumes
bio organic oat flakes;Fruits & Légumes;Fruits & Légumes
herta le bon paris jambon a l'etouffee sans nitrite x4-140g;Viandes & Charcuterie;Viandes & Charcuterie
pork sausages;Viandes & Charcuterie;Viandes & Charcuterie
herta knacki veggie saucisses vegetales x6 -210g;Fruits & Légumes;Fruits & Légumes
no artificial additives 6 pork sausages;Viandes & Charcuterie;Viandes & Charcuterie
le superieur - a l'etouffee - conservation sans nitrite;Viandes & Charcuterie;Viandes & Charcuterie
le superieur -25% de sel - conservation sans nitrite;Viandes & Charcuterie;Viandes & Charcuterie
herta le bon paris jambon sel reduit sans nitrite x4-140g;Viandes & Charcuterie;Viandes & Charcuterie
blanc de poulet 100% filet;Viandes & Charcuterie;Viandes & Charcuterie
blanc de poulet  - 25% de sel*;Viandes & Charcuterie;Viandes & Charcuterie
filet de poulet  roti;Viandes & Charcuterie;Viandes & Charcuterie
herta le bon paris jambon a l'etouffee x4 -170g;Viandes & Charcuterie;Viandes & Charcuterie
herta blanc poulet nature conservation sans nitrite x4 -140g;Viandes & Charcuterie;Viandes & Charcuterie
roti de poulet - 100% filet;Viandes & Charcuterie;Viandes & Charcuterie
luncheon;Viandes & Charcuterie;Fruits & Légumes
zero nitrite - le superieur;Viandes & Charcuterie;Viandes & Charcuterie
jamon cocido natural;Viandes & Charcuterie;Viandes & Charcuterie
pechuga pavo  finas lonchas;Viandes & Charcuterie;Viandes & Charcuterie
chicken italia chipolatas;Viandes & Charcuterie;Viandes & Charcuterie
herta lardons fumes conservation sans nitrite - 2x75g;Viandes & Charcuterie;Viandes & Charcuterie
lincolnshire sausages;Fruits & Légumes;Fruits & Légumes
mayonnaise recette originale;Épicerie salée;Épicerie salée
star branded iodized salt;Épicerie salée;Épicerie salée
ketchup;Épicerie salée;Épicerie salée
mayonnaise;Épicerie salée;Épicerie salée
pesto genovese 190g barilla;Épicerie salée;Épicerie salée
tomato ketchup;Épicerie salée;Épicerie salée
vegan bouillon powder reduced salt;Fruits & Légumes;Fruits & Légumes
tomato ketchup;Épicerie salée;Épicerie salée
clara mitchell tomato sauce;Épicerie salée;Épicerie salée
real mayonnaise;Épicerie salée;Épicerie salée
mayonnaise;Épicerie salée;Épicerie salée
seriously good times mayonnaise;Épicerie salée;Épicerie salée
star moutarde;Épicerie salée;Épicerie salée
real mayonnaise;Épicerie salée;Épicerie salée
moutarde de dijon;Épicerie salée;Fruits & Légumes
tomaten ketchup;Épicerie salée;Fruits & Légumes
basilico 400g eu;Épicerie salée;Fruits & Légumes
tomate frito;Épicerie salée;Fruits & Légumes
orange juice;Boissons;Boissons
gerostete mandel ohne zucker;Boissons;Boissons
ohne zucker hafer;Boissons;Boissons
oat drink barista edition;Boissons;Boissons
green tea;Boissons;Fruits & Légumes
gerostete mandel;Boissons;Boissons
oat;Boissons;Boissons
ricore original;Boissons;Boissons
bio-almond-mandelmilch;Boissons;Boissons
cappy pulpy;Boissons;Boissons
pressup;Boissons;Boissons
ricore original;Boissons;Boissons
bjorg amande almond sans sugres- no sugar;Fruits & Légumes;Fruits & Légumes
delicieuse & tropical coco;Boissons;Épicerie sucrée
41022;Boissons;Boissons
hafer barista edition;Boissons;Boissons
pet 2l oasis tropical;Boissons;Boissons
press up;Boissons;Boissons
chicoree soluble nature;Boissons;Boissons
ricore;Boissons;Boissons
baked beans;Fruits & Légumes;Fruits & Légumes
concentre de tomates aicha;Fruits & Légumes;Fruits & Légumes
delicia double concentre de tomates;Fruits & Légumes;Fruits & Légumes
tomates cerises allongees;Fruits & Légumes;Fruits & Légumes
double concentre de tomates;Fruits & Légumes;Fruits & Légumes
ratatouille cuisinee a la provencale cassegrain 380g;Fruits & Légumes;Fruits & Légumes
aicha tomato paste;Fruits & Légumes;Fruits & Légumes
double concentre de tomate;Fruits & Légumes;Fruits & Légumes
chopped tomatoes;Fruits & Légumes;Fruits & Légumes
raw kimchi;Fruits & Légumes;Fruits & Légumes
freshona tomato passata;Fruits & Légumes;Fruits & Légumes
passata di pomodoro;Fruits & Légumes;Fruits & Légumes
crema de cacahuete;Fruits & Légumes;Fruits & Légumes
italian tomato puree double concentrate;Fruits & Légumes;Fruits & Légumes
italian chopped tomatoes;Fruits & Légumes;Fruits & Légumes
carottes rapees;Fruits & Légumes;Fruits & Légumes
chopped tomatoes;Fruits & Légumes;Fruits & Légumes
italian tomato puree;Fruits & Légumes;Fruits & Légumes
double concentre de tomates;Fruits & Légumes;Fruits & Légumes
aubergines cuisinees a la provencale;Fruits & Légumes;Fruits & Légumes
excellence noir prodigieux 90% cacao;Épicerie sucrée;Épicerie sucrée
excellence 70% cocoa intense dark;Épicerie sucrée;Épicerie sucrée
tonik;Fruits & Légumes;Fruits & Légumes
excellence 85% cacao rich dark;Épicerie sucrée;Épicerie sucrée
dark chocolate 85% cocoa;Épicerie sucrée;Épicerie sucrée
organic 70% dark chocolate bar;Épicerie sucrée;Épicerie sucrée
excellence noir intense 70% cacao;Ferment;Épicerie sucrée
dark chocolate;Épicerie sucrée;Épicerie sucrée
excellence noir puissant 85% cacao;Épicerie sucrée;Épicerie sucrée
extra dark chocolate 74% cacao;Épicerie sucrée;Épicerie sucrée
1848 chocolat en poudre;Boissons;Fruits & Légumes
dark chocolate 70%;Épicerie sucrée;Épicerie sucrée
bitter extra kraftig;Épicerie sucrée;Épicerie sucrée
nestle dessert;Épicerie sucrée;Épicerie sucrée
chocolat au lait;Épicerie sucrée;Épicerie sucrée
bio chocolat noir cacao 70%;Épicerie sucrée;Épicerie sucrée
doux 70% noir subtil;Épicerie sucrée;Épicerie sucrée
nesquik;Boissons;Fruits & Légumes
chocolat noir 92% cacao;Épicerie sucrée;Épicerie sucrée
filets de maquereau;Poisson & Fruits de mer;Poisson & Fruits de mer
sardines huile d'olive vierge extra;Poisson & Fruits de mer;Poisson & Fruits de mer
atun;Poisson & Fruits de mer;Poisson & Fruits de mer
joly thon entier;Poisson & Fruits de mer;Poisson & Fruits de mer
atun c / tomate isabel;Poisson & Fruits de mer;Poisson & Fruits de mer
miettes de maquereaux;Poisson & Fruits de mer;Poisson & Fruits de mer
thon joly;Poisson & Fruits de mer;Poisson & Fruits de mer
plain sardines;Poisson & Fruits de mer;Poisson & Fruits de mer
tam thon entier a l'huile;Poisson & Fruits de mer;Poisson & Fruits de mer
filets de maquereaux au vin blanc;Poisson & Fruits de mer;Poisson & Fruits de mer
filet de maquereaux au naturel;Poisson & Fruits de mer;Poisson & Fruits de mer
thon entier au naturel albacore;Poisson & Fruits de mer;Poisson & Fruits de mer
filets de maquereaux a la moutarde;Poisson & Fruits de mer;Poisson & Fruits de mer
filets de maquereaux grilles natures;Poisson & Fruits de mer;Poisson & Fruits de mer
atun claro en aceite de oliva;Poisson & Fruits de mer;Poisson & Fruits de mer
cabillaud sauce citron riz aux petits legumes;Poisson & Fruits de mer;Poisson & Fruits de mer
omar;Boissons;Fruits & Légumes
cod fish fingers;Poisson & Fruits de mer;Poisson & Fruits de mer
le moelleux;Poisson & Fruits de mer;Poisson & Fruits de mer
prince gout chocolat;Épicerie sucrée;Épicerie sucrée
tonik;Fruits & Légumes;Fruits & Légumes
sesame;Épicerie sucrée;Épicerie sucrée
zero sin azucares fibra;Épicerie sucrée;Épicerie sucrée
henrys;Épicerie sucrée;Épicerie sucrée
king cookies;Épicerie sucrée;Épicerie sucrée
sable coco henry s 42g;Épicerie sucrée;Épicerie sucrée
fourres chocolat noir;Épicerie sucrée;Épicerie sucrée
henrys;Épicerie sucrée;Épicerie sucrée
momo black;Épicerie sucrée;Épicerie sucrée
biscuits croquants au coeur onctueux de nutella;Épicerie sucrée;Épicerie sucrée
eyoo cover;Épicerie sucrée;Épicerie sucrée
pomme   noisette;Épicerie sucrée;Épicerie sucrée
2 bars milk and hazelnuts;Épicerie sucrée;Épicerie sucrée
figue & son;Épicerie sucrée;Épicerie sucrée
petit beurre;Épicerie sucrée;Épicerie sucrée
king cookies choco;Épicerie sucrée;Épicerie sucrée
granola;Épicerie sucrée;Épicerie sucrée
henry's sable coco biscuit 85g;Épicerie sucrée;Épicerie sucrée
biscuit raisins;Épicerie sucrée;Épicerie sucrée
confiture de fraise;Fruits & Légumes;Fruits & Légumes
ain soltane;Boissons;Boissons
fruit & nut mix;Fruits & Légumes;Fruits & Légumes
strawberry jam;Fruits & Légumes;Fruits & Légumes
delicia - confiture d'abricot;Fruits & Légumes;Fruits & Légumes
pom'potes compotes gourdes pomme nature 1x90g;Fruits & Légumes;Fruits & Légumes
doce extra morango;Fruits & Légumes;Fruits & Légumes
raspberry conserve;Fruits & Légumes;Fruits & Légumes
confiture de fraises aicha;Fruits & Légumes;Fruits & Légumes
cocoa orange fruit & nut bars;Fruits & Légumes;Fruits & Légumes
confiture de fraises;Fruits & Légumes;Fruits & Légumes
el baraka;Fruits & Légumes;Fruits & Légumes
confiture fraises;Fruits & Légumes;Fruits & Légumes
cocoa orange;Fruits & Légumes;Fruits & Légumes
crownfield premium fruit and nut muesli;Fruits & Légumes;Fruits & Légumes
abricot sec;Fruits & Légumes;Fruits & Légumes
nut & fruit mix classic;Fruits & Légumes;Fruits & Légumes
delicia - confiture d'abricot;Fruits & Légumes;Fruits & Légumes
confiture de fraise;Fruits & Légumes;Fruits & Légumes
nutella;Épicerie sucrée;Épicerie sucrée
confiture de fraise;Fruits & Légumes;Fruits & Légumes
nutella;Épicerie sucrée;Épicerie sucrée
nocciolata;Épicerie sucrée;Épicerie sucrée
pate a tartiner noisettes et cacao;Épicerie sucrée;Épicerie sucrée
el baraka confiture de fraises 430 g;Fruits & Légumes;Fruits & Légumes
pur beurre de cacahuete;Fruits & Légumes;Fruits & Légumes
nocciolata bio;Épicerie sucrée;Épicerie sucrée
confiture d'abricot;Fruits & Légumes;Fruits & Légumes
poulain;Épicerie sucrée;Épicerie sucrée
nutella;Épicerie sucrée;Épicerie sucrée
el baraka confiture d'abricots 430 g;Fruits & Légumes;Fruits & Légumes
nutella;Épicerie sucrée;Épicerie sucrée
be nuts ! - pate a tartiner cacahuete;Fruits & Légumes;Fruits & Légumes
nutella;Épicerie sucrée;Épicerie sucrée
nutella;Épicerie sucrée;Épicerie sucrée
nutella;Épicerie sucrée;Épicerie sucrée
peripella;Épicerie sucrée;Épicerie sucrée
nutella;Épicerie sucrée;Épicerie sucrée
biscoff creamy;Fruits & Légumes;Fruits & Légumes
baked beans;Fruits & Légumes;Fruits & Légumes
sardines huile d'olive vierge extra;Poisson & Fruits de mer;Poisson & Fruits de mer
atun;Poisson & Fruits de mer;Poisson & Fruits de mer
ratatouille cuisinee a la provencale cassegrain 380g;Fruits & Légumes;Fruits & Légumes
chickpeas in water;Fruits & Légumes;Fruits & Légumes
joly thon entier;Poisson & Fruits de mer;Poisson & Fruits de mer
baked beans;Fruits & Légumes;Fruits & Légumes
chopped tomatoes;Fruits & Légumes;Fruits & Légumes
atun c / tomate isabel;Poisson & Fruits de mer;Poisson & Fruits de mer
miettes de maquereaux;Poisson & Fruits de mer;Poisson & Fruits de mer
pringles;Fruits & Légumes;Épicerie sucrée
pitted green olives;Fruits & Légumes;Fruits & Légumes
heinz baked beans;Fruits & Légumes;Fruits & Légumes
ratatouille cuisinee a la provencale;Fruits & Légumes;Fruits & Légumes
baked beans;Fruits & Légumes;Fruits & Légumes
italian chopped tomatoes;Fruits & Légumes;Fruits & Légumes
kokosmilch;Fruits & Légumes;Fruits & Légumes
lentilles preparees;Fruits & Légumes;Fruits & Légumes
chopped tomatoes;Fruits & Légumes;Fruits & Légumes
chickpeas in water;Fruits & Légumes;Fruits & Légumes
perly;Produits laitiers;Produits laitiers
fromage blanc nature;Produits laitiers;Produits laitiers
yaourt nature;Produits laitiers;Produits laitiers
assil;Produits laitiers;Produits laitiers
cremy;Produits laitiers;Produits laitiers
jamila;Fruits & Légumes;Fruits & Légumes
skyr nature 0%;Produits laitiers;Produits laitiers
danone assil banane;Produits laitiers;Produits laitiers
raibi;Produits laitiers;Produits laitiers
tendre nature;Produits laitiers;Produits laitiers
natural yogurt;Produits laitiers;Produits laitiers
yaourt grec muesli;Produits laitiers;Produits laitiers
danino;Produits laitiers;Produits laitiers
ghilal yaourt zr3;Produits laitiers;Produits laitiers
yeo valley organic kefir natural fermented yogurt;Fruits & Légumes;Fruits & Légumes
yaourt tendre;Produits laitiers;Produits laitiers
5% greek yogurt;Produits laitiers;Produits laitiers
muscly la force pour grandir;Produits laitiers;Fruits & Légumes
sourdough white ciabattin bread;Fruits & Légumes;Fruits & Légumes
white sourdough bread;Fruits & Légumes;Fruits & Légumes
sourdough grains & seeds;Fruits & Légumes;Fruits & Légumes
tartine croustillante authentique;Fruits & Légumes;Fruits & Légumes
pain de mie grandes tranches seigle & graines 500g;Fruits & Légumes;Fruits & Légumes
sourdough bread - superb sprouted grains n7;Fruits & Légumes;Fruits & Légumes
fibres;Fruits & Légumes;Fruits & Légumes
krisprolls complets sans sucres ajoutes;Fruits & Légumes;Fruits & Légumes
14 maxi tranches complet sans sucres ajoutes;Fruits & Légumes;Fruits & Légumes
tartines craquantes au sarrasin imp;Fruits & Légumes;Fruits & Légumes
dark rye crispbread;Fruits & Légumes;Fruits & Légumes
pain de mie bio;Fruits & Légumes;Fruits & Légumes
wholegrain rye bread;Fruits & Légumes;Fruits & Légumes
seed sensations;Fruits & Légumes;Fruits & Légumes
bakery co. 5 the original bagels;Fruits & Légumes;Fruits & Légumes
rye & mixed seed sourdough bread;Fruits & Légumes;Fruits & Légumes
tartines campagne 450g;Fruits & Légumes;Fruits & Légumes
pain de mie grandes tranches special sandwich complet;Fruits & Légumes;Fruits & Légumes
seeded sourdough bread;Fruits & Légumes;Fruits & Légumes
wasa;Fruits & Légumes;Fruits & Légumes
confiture de fraise;Fruits & Légumes;Fruits & Légumes
margarine la prairie 225g;Fruits & Légumes;Fruits & Légumes
familia 200g;Fruits & Légumes;Fruits & Légumes
tartine doux;Fruits & Légumes;Fruits & Légumes
el baraka confiture de fraises 430 g;Fruits & Légumes;Fruits & Légumes
pur beurre de cacahuete;Fruits & Légumes;Fruits & Légumes
confiture d'abricot;Fruits & Légumes;Fruits & Légumes
el baraka confiture d'abricots 430 g;Fruits & Légumes;Fruits & Légumes
primevere bio doux tartine & cuisson;Fruits & Légumes;Fruits & Légumes
be nuts ! - pate a tartiner cacahuete;Fruits & Légumes;Fruits & Légumes
la prairie classique;Fruits & Légumes;Fruits & Légumes
vegetable fat spread with 10% olive oil;Fruits & Légumes;Fruits & Légumes
beurre bio cacahuete;Fruits & Légumes;Fruits & Légumes
st hubert bio & vegetal;Fruits & Légumes;Fruits & Légumes
menguy's peanut 100%;Fruits & Légumes;Fruits & Légumes
crema de cacahuete;Fruits & Légumes;Fruits & Légumes
flora buttery;Fruits & Légumes;Fruits & Légumes
strawberry jam;Fruits & Légumes;Fruits & Légumes
lightly sea salted;Fruits & Légumes;Fruits & Légumes
original;Épicerie sucrée;Épicerie sucrée
sour cream & onion;Épicerie sucrée;Épicerie sucrée
chips;Fruits & Légumes;Fruits & Légumes
pringles sare;Fruits & Légumes;Fruits & Légumes
pringles original;Épicerie sucrée;Épicerie sucrée
lightly salted low fat corn cakes;Fruits & Légumes;Fruits & Légumes
krit krititas galletas saladas;Épicerie sucrée;Épicerie sucrée
pringles original;Épicerie sucrée;Épicerie sucrée
lentil & pea veggie cakes - beetroot & balsamic;Épicerie sucrée;Fruits & Légumes
pringles;Épicerie sucrée;Épicerie sucrée
sea salt & cider vinegar chips;Fruits & Légumes;Fruits & Légumes
sour cream & onion;Épicerie sucrée;Épicerie sucrée
properchips sea salt lentil chips;Épicerie sucrée;Épicerie sucrée
pringles original;Épicerie sucrée;Épicerie sucrée
the original crunchy rye breads;Fruits & Légumes;Fruits & Légumes
super seeded oatcakes;Épicerie sucrée;Fruits & Légumes
chips de lentilles saveur fines herbes;Épicerie sucrée;Fruits & Légumes
multigrain crunchy rye breads;Fruits & Légumes;Fruits & Légumes
filets de maquereau;Poisson & Fruits de mer;Poisson & Fruits de mer
sardines huile d'olive vierge extra;Poisson & Fruits de mer;Poisson & Fruits de mer
atun;Poisson & Fruits de mer;Poisson & Fruits de mer
joly thon entier;Poisson & Fruits de mer;Poisson & Fruits de mer
atun c / tomate isabel;Poisson & Fruits de mer;Poisson & Fruits de mer
miettes de maquereaux;Poisson & Fruits de mer;Poisson & Fruits de mer
thon joly;Poisson & Fruits de mer;Poisson & Fruits de mer
plain sardines;Poisson & Fruits de mer;Poisson & Fruits de mer
tam thon entier a l'huile;Poisson & Fruits de mer;Poisson & Fruits de mer
filets de maquereaux au vin blanc;Poisson & Fruits de mer;Poisson & Fruits de mer
filet de maquereaux au naturel;Poisson & Fruits de mer;Poisson & Fruits de mer
thon entier au naturel albacore;Poisson & Fruits de mer;Poisson & Fruits de mer
filets de maquereaux a la moutarde;Poisson & Fruits de mer;Poisson & Fruits de mer
filets de maquereaux grilles natures;Poisson & Fruits de mer;Poisson & Fruits de mer
atun claro en aceite de oliva;Poisson & Fruits de mer;Poisson & Fruits de mer
cabillaud sauce citron riz aux petits legumes;Poisson & Fruits de mer;Poisson & Fruits de mer
cod fish fingers;Poisson & Fruits de mer;Poisson & Fruits de mer
le moelleux;Poisson & Fruits de mer;Poisson & Fruits de mer
thon a lhuile;Poisson & Fruits de mer;Poisson & Fruits de mer
perly;Produits laitiers;Produits laitiers
fromage blanc nature;Produits laitiers;Produits laitiers
yaourt nature;Produits laitiers;Produits laitiers
assil;Produits laitiers;Produits laitiers
cremy;Produits laitiers;Produits laitiers
jamila;Fruits & Légumes;Fruits & Légumes
skyr nature 0%;Produits laitiers;Produits laitiers
danone assil banane;Produits laitiers;Produits laitiers
raibi;Produits laitiers;Produits laitiers
tendre nature;Produits laitiers;Produits laitiers
natural yogurt;Produits laitiers;Produits laitiers
yaourt grec muesli;Produits laitiers;Produits laitiers
danino;Produits laitiers;Produits laitiers
ghilal yaourt zr3;Produits laitiers;Produits laitiers
yeo valley organic kefir natural fermented yogurt;Fruits & Légumes;Fruits & Légumes
yaourt tendre;Produits laitiers;Produits laitiers
5% greek yogurt;Produits laitiers;Produits laitiers
muscly la force pour grandir;Produits laitiers;Fruits & Légumes
mayonnaise recette originale;Épicerie salée;Épicerie salée
spreadable slightly salted;Produits laitiers;Produits laitiers
margarine la prairie 225g;Fruits & Légumes;Fruits & Légumes
familia 200g;Fruits & Légumes;Fruits & Légumes
tartine doux;Fruits & Légumes;Fruits & Légumes
mayonnaise;Épicerie salée;Épicerie salée
huile de table lio;Fruits & Légumes;Fruits & Légumes
primevere bio doux tartine & cuisson;Fruits & Légumes;Fruits & Légumes
le beurre tendre doux;Produits laitiers;Fruits & Légumes
la prairie classique;Fruits & Légumes;Fruits & Légumes
huile de table equilibree riche en vitamines a,e,d3;Fruits & Légumes;Fruits & Légumes
beurre frais pasteurise;Produits laitiers;Fruits & Légumes
vegetable fat spread with 10% olive oil;Fruits & Légumes;Fruits & Légumes
mayonnaise;Épicerie salée;Épicerie salée
st hubert bio & vegetal;Fruits & Légumes;Fruits & Légumes
flora buttery;Fruits & Légumes;Fruits & Légumes
tartine doux;Fruits & Légumes;Fruits & Légumes
proactiv margarine tartine;Fruits & Légumes;Fruits & Légumes
filets de maquereau;Poisson & Fruits de mer;Poisson & Fruits de mer
sardines huile d'olive vierge extra;Poisson & Fruits de mer;Poisson & Fruits de mer
atun;Poisson & Fruits de mer;Poisson & Fruits de mer
joly thon entier;Poisson & Fruits de mer;Poisson & Fruits de mer
atun c / tomate isabel;Poisson & Fruits de mer;Poisson & Fruits de mer
miettes de maquereaux;Poisson & Fruits de mer;Poisson & Fruits de mer
thon joly;Poisson & Fruits de mer;Poisson & Fruits de mer
plain sardines;Poisson & Fruits de mer;Poisson & Fruits de mer
tam thon entier a l'huile;Poisson & Fruits de mer;Poisson & Fruits de mer
filets de maquereaux au vin blanc;Poisson & Fruits de mer;Poisson & Fruits de mer
filet de maquereaux au naturel;Poisson & Fruits de mer;Poisson & Fruits de mer
thon entier au naturel albacore;Poisson & Fruits de mer;Poisson & Fruits de mer
filets de maquereaux a la moutarde;Poisson & Fruits de mer;Poisson & Fruits de mer
filets de maquereaux grilles natures;Poisson & Fruits de mer;Poisson & Fruits de mer
atun claro en aceite de oliva;Poisson & Fruits de mer;Poisson & Fruits de mer
cabillaud sauce citron riz aux petits legumes;Poisson & Fruits de mer;Poisson & Fruits de mer
cod fish fingers;Poisson & Fruits de mer;Poisson & Fruits de mer
le moelleux;Poisson & Fruits de mer;Poisson & Fruits de mer
thon a lhuile;Poisson & Fruits de mer;Poisson & Fruits de mer
spaghetti n.5;Fruits & Légumes;Fruits & Légumes
indomie shrimp noodles;Fruits & Légumes;Fruits & Légumes
barilla penne rigate fullkorn 500g;Fruits & Légumes;Fruits & Légumes
penne rigate n73;Fruits & Légumes;Fruits & Légumes
nouilles instantanees gout poulet;Fruits & Légumes;Fruits & Légumes
fusilli;Fruits & Légumes;Fruits & Légumes
instant nudeln - chicken flavour;Fruits & Légumes;Fruits & Légumes
pates spaghetti au ble complet integral 500g;Fruits & Légumes;Fruits & Légumes
lasagne all'uovo;Fruits & Légumes;Fruits & Légumes
indomie;Fruits & Légumes;Fruits & Légumes
tortellini ricotta & epinards;Fruits & Légumes;Fruits & Légumes
medium egg noodles imp;Fruits & Légumes;Fruits & Légumes
pates spaghetti n5 1kg;Fruits & Légumes;Fruits & Légumes
tortelloni ricotta et epinards;Fruits & Légumes;Fruits & Légumes
rana spinach and ricotta fresh tortelloni;Fruits & Légumes;Fruits & Légumes
spaghetti senza glutine;Fruits & Légumes;Fruits & Légumes
pates linguine collezione 500g;Fruits & Légumes;Fruits & Légumes
le ravioli pur boeuf;Fruits & Légumes;Fruits & Légumes
shin ramyun noodle gourmet spicy;Fruits & Légumes;Fruits & Légumes
tourtel twist;Boissons;Fruits & Légumes
corona extra;Boissons;Fruits & Légumes
desperados original aguardiente;Fruits & Légumes;Fruits & Légumes
pastis de marseille;Boissons;Fruits & Légumes
1664;Boissons;Fruits & Légumes
ovomaltine - vitamin & mineral bars, 5 ct 100g (3.5oz);Fruits & Légumes;Fruits & Légumes
wafer sandwich;Boissons;Fruits & Légumes
the original irish cream;Boissons;Épicerie sucrée
grimbergen blonde;Boissons;Fruits & Légumes
leffe blonde ;Boissons;Fruits & Légumes
baileys;Boissons;Fruits & Légumes
biere bud;Fruits & Légumes;Fruits & Légumes
live rostoy;Boissons;Boissons
biere blonde sans alcool 1664;Boissons;Fruits & Légumes
preparation de fruits clementines et oranges de corse;Boissons;Boissons
alkoholfrei;Boissons;Fruits & Légumes
yaourt grec a boire;Boissons;Produits laitiers
aperol;Boissons;Fruits & Légumes
unsweetened organic soymilk;Boissons;Fruits & Légumes
organic good seed bread;Fruits & Légumes;Fruits & Légumes
organic garbanzo beans;Épicerie sucrée;Fruits & Légumes
muesli whole grain cereal;Fruits & Légumes;Fruits & Légumes
barbecue sauce;Épicerie salée;Épicerie salée
black beans;Fruits & Légumes;Fruits & Légumes
pita chips;Entretien / Ménage;Fruits & Légumes
multi grain whole grain crispbread;Entretien / Ménage;Fruits & Légumes
shells & real aged cheddar macaroni & cheese;Épicerie salée;Produits laitiers
butter spread with olive oil & sea salt;Épicerie sucrée;Fruits & Légumes
real mayonnaise;Épicerie salée;Épicerie salée
butter with canola oil;Produits laitiers;Fruits & Légumes
real mayonnaise;Épicerie salée;Épicerie salée
pistachios;Entretien / Ménage;Fruits & Légumes
roasted garlic hummus;Épicerie salée;Fruits & Légumes
nonfat yogurt;Produits laitiers;Produits laitiers
whole grain crispbread;Entretien / Ménage;Fruits & Légumes
low moisture part skim mozzarella cheese;Entretien / Ménage;Fruits & Légumes
black beans;Fruits & Légumes;Fruits & Légumes
organic black beans;Fruits & Légumes;Fruits & Légumes
pain de mie grandes tranches seigle & graines 500g;Fruits & Légumes;Fruits & Légumes
pipas;Fruits & Légumes;Fruits & Légumes
chickpeas in water;Fruits & Légumes;Fruits & Légumes
muesli crunchy;Fruits & Légumes;Fruits & Légumes
puy lentils & french green lentils;Fruits & Légumes;Fruits & Légumes
protein packed lentil cakes;Fruits & Légumes;Fruits & Légumes
irish organic jumbo oats;Fruits & Légumes;Fruits & Légumes
cerelac;Fruits & Légumes;Fruits & Légumes
nuez natural pelada;Fruits & Légumes;Fruits & Légumes
tomatoey french puy & green lentils;Fruits & Légumes;Fruits & Légumes
heinz baked beans;Fruits & Légumes;Fruits & Légumes
smoky spanish-style grains & rice;Fruits & Légumes;Fruits & Légumes
peanut butter oat bars;Fruits & Légumes;Fruits & Légumes
tilda steamed brown basmati rice;Fruits & Légumes;Fruits & Légumes
lentilles preparees;Fruits & Légumes;Fruits & Légumes
chickpeas in water;Fruits & Légumes;Fruits & Légumes
lentilles cuisinees a l'auvergnate;Fruits & Légumes;Fruits & Légumes
fakiat barbeque;Fruits & Légumes;Fruits & Légumes
ble tendre cuisson 10 min ebly 500 g;Fruits & Légumes;Fruits & Légumes
les tranches vege haricots blancs;Fruits & Légumes;Fruits & Légumes
baked beans;Fruits & Légumes;Fruits & Légumes
pur beurre de cacahuete;Fruits & Légumes;Fruits & Légumes
be nuts ! - pate a tartiner cacahuete;Fruits & Légumes;Fruits & Légumes
tofoo naked;Fruits & Légumes;Fruits & Légumes
beurre bio cacahuete;Fruits & Légumes;Fruits & Légumes
menguy's peanut 100%;Fruits & Légumes;Fruits & Légumes
crema de cacahuete;Fruits & Légumes;Fruits & Légumes
crunchy peanut butter;Fruits & Légumes;Fruits & Légumes
menguy's beurre de cacahuetes creamy;Fruits & Légumes;Fruits & Légumes
crunchy peanut butter;Fruits & Légumes;Fruits & Légumes
chickpeas in water;Fruits & Légumes;Fruits & Légumes
puy lentils & french green lentils;Fruits & Légumes;Fruits & Légumes
100% cacahuetes;Fruits & Légumes;Fruits & Légumes
baked beans;Fruits & Légumes;Fruits & Légumes
beurre de cacahuetes;Fruits & Légumes;Fruits & Légumes
crunchy peanut butter;Fruits & Légumes;Fruits & Légumes
soyamilch;Boissons;Fruits & Légumes
peanut butter creamy;Fruits & Légumes;Fruits & Légumes
smooth peanut butter;Fruits & Légumes;Fruits & Légumes
tonik;Fruits & Légumes;Fruits & Légumes
cosumar sucre en lingot pour le the 1 kg;Épicerie sucrée;Fruits & Légumes
sunny via agave syrup squeeze bottle imp;Fruits & Légumes;Fruits & Légumes
sirop d'erable ambre gout riche;Épicerie sucrée;Épicerie sucrée
runny honey imp;Épicerie sucrée;Épicerie sucrée
poudre stevia;Fruits & Légumes;Fruits & Légumes
squeezy honey;Épicerie sucrée;Épicerie sucrée
miel cremeux francais & responsable;Épicerie sucrée;Épicerie sucrée
tartimiel lune de miel doseur 250 g;Fruits & Légumes;Fruits & Légumes
sirop d'agave;Épicerie sucrée;Épicerie sucrée
miel de fleurs;Épicerie sucrée;Épicerie sucrée
organic classic canadian maple syrup;Épicerie sucrée;Épicerie sucrée
miel de fleurs liquide doseur 500g;Épicerie sucrée;Épicerie sucrée
enmer;Épicerie sucrée;Épicerie sucrée
agave nectar;Fruits & Légumes;Fruits & Légumes
canadian maple syrup;Épicerie sucrée;Épicerie sucrée
sucre arome vanille;Épicerie sucrée;Épicerie sucrée
sciroppo d'acero canadese;Épicerie sucrée;Fruits & Légumes
cassonade pure canne;Épicerie sucrée;Fruits & Légumes
vanilla ice cream;Épicerie sucrée;Épicerie sucrée
noisetta;Épicerie sucrée;Épicerie sucrée
ice pulpe orange 1.5cl;Boissons;Fruits & Légumes
traditional dairy ice cream;Épicerie sucrée;Épicerie sucrée
nutella-eis;Épicerie sucrée;Épicerie sucrée
carte d'or les essentiels glace creme glacee vanille 700ml;Épicerie sucrée;Épicerie sucrée
swedish glace dairy-free smooth vanilla;Fruits & Légumes;Fruits & Légumes
chocolate fudge brownie;Épicerie sucrée;Épicerie sucrée
clotted cream ice cream;Épicerie sucrée;Épicerie sucrée
magadascan vanilla;Épicerie sucrée;Épicerie sucrée
tropical passionfruit & mango mochi ice cream;Épicerie sucrée;Épicerie sucrée
taste the difference vanilla ice cream;Épicerie sucrée;Épicerie sucrée
bon gelati premium almond ice cream;Épicerie sucrée;Épicerie sucrée
organic vanilla ice cream;Épicerie sucrée;Épicerie sucrée
strawberries & cream ice cream;Épicerie sucrée;Épicerie sucrée
glaces amande;Épicerie sucrée;Fruits & Légumes
oasis sorbet tropical;Épicerie sucrée;Épicerie sucrée
deluxe madagascar vanilla ice cream;Épicerie sucrée;Épicerie sucrée
salted caramel ice cream;Épicerie sucrée;Épicerie sucrée
margarine la prairie 225g;Fruits & Légumes;Fruits & Légumes
familia 200g;Fruits & Légumes;Fruits & Légumes
tartine doux;Fruits & Légumes;Fruits & Légumes
huile de table lio;Fruits & Légumes;Fruits & Légumes
primevere bio doux tartine & cuisson;Fruits & Légumes;Fruits & Légumes
la prairie classique;Fruits & Légumes;Fruits & Légumes
huile de table equilibree riche en vitamines a,e,d3;Fruits & Légumes;Fruits & Légumes
vegetable fat spread with 10% olive oil;Fruits & Légumes;Fruits & Légumes
st hubert bio & vegetal;Fruits & Légumes;Fruits & Légumes
flora buttery;Fruits & Légumes;Fruits & Légumes
tartine doux;Fruits & Légumes;Fruits & Légumes
proactiv margarine tartine;Fruits & Légumes;Fruits & Légumes
omega 3 doux;Fruits & Légumes;Fruits & Légumes
hule d'olive;Fruits & Légumes;Fruits & Légumes
huile d'olive vierge extra;Fruits & Légumes;Fruits & Légumes
houilor;Fruits & Légumes;Fruits & Légumes
omega 3 doux tartine & cuisson;Fruits & Légumes;Fruits & Légumes
vegan spread;Fruits & Légumes;Fruits & Légumes
gerostete mandel ohne zucker;Boissons;Boissons
almonds;Fruits & Légumes;Fruits & Légumes
cashewkerne naturbelassen;Fruits & Légumes;Fruits & Légumes
pur beurre de cacahuete;Fruits & Légumes;Fruits & Légumes
gerostete mandel;Boissons;Boissons
bio-almond-mandelmilch;Boissons;Boissons
menguy's peanut 100%;Fruits & Légumes;Fruits & Légumes
crema de cacahuete;Fruits & Légumes;Fruits & Légumes
protein cacahuetes & chocolat;Fruits & Légumes;Fruits & Légumes
crunchy peanut butter;Fruits & Légumes;Fruits & Légumes
paranusskerne;Fruits & Légumes;Fruits & Légumes
menguy's beurre de cacahuetes creamy;Fruits & Légumes;Fruits & Légumes
bjorg amande almond sans sugres- no sugar;Fruits & Légumes;Fruits & Légumes
crunchy peanut butter;Fruits & Légumes;Fruits & Légumes
dorset cereals simply nutty;Fruits & Légumes;Fruits & Légumes
barres de fruits secs & noix myrtilles;Fruits & Légumes;Fruits & Légumes
protein cocoa hazelnut bars;Fruits & Légumes;Fruits & Légumes
excellence noir prodigieux 90% cacao;Épicerie sucrée;Épicerie sucrée
excellence 70% cocoa intense dark;Épicerie sucrée;Épicerie sucrée
excellence 85% cacao rich dark;Épicerie sucrée;Épicerie sucrée
dark chocolate 85% cocoa;Épicerie sucrée;Épicerie sucrée
organic 70% dark chocolate bar;Épicerie sucrée;Épicerie sucrée
excellence noir intense 70% cacao;Ferment;Épicerie sucrée
dark chocolate;Épicerie sucrée;Épicerie sucrée
excellence noir puissant 85% cacao;Épicerie sucrée;Épicerie sucrée
extra dark chocolate 74% cacao;Épicerie sucrée;Épicerie sucrée
dark chocolate 70%;Épicerie sucrée;Épicerie sucrée
bitter extra kraftig;Épicerie sucrée;Épicerie sucrée
nestle dessert;Épicerie sucrée;Épicerie sucrée
chocolat au lait;Épicerie sucrée;Épicerie sucrée
bio chocolat noir cacao 70%;Épicerie sucrée;Épicerie sucrée
doux 70% noir subtil;Épicerie sucrée;Épicerie sucrée
chocolat noir 92% cacao;Épicerie sucrée;Épicerie sucrée
ecuador dark chocolate;Épicerie sucrée;Épicerie sucrée
dark milk chocolate;Épicerie sucrée;Épicerie sucrée
p'tit nature complet;Épicerie sucrée;Fruits & Légumes
petites madeleines;Épicerie sucrée;Fruits & Légumes
napolitain;Épicerie sucrée;Épicerie sucrée
petits fours financiers;Épicerie sucrée;Fruits & Légumes
merendina big;Épicerie sucrée;Fruits & Légumes
milka galette choco;Épicerie sucrée;Épicerie sucrée
deluce;Épicerie sucrée;Épicerie sucrée
spofy;Épicerie sucrée;Épicerie sucrée
gerble - sugar free coconut cookie, 132g (4.7oz);Épicerie sucrée;Épicerie sucrée
la madeleine pur beurre;Épicerie sucrée;Fruits & Légumes
petites madeleines pepites chocolat;Épicerie sucrée;Épicerie sucrée
savane;Épicerie sucrée;Fruits & Légumes
gerble - sables sans sucres saveur citron et yuzu, 132g (4.7oz);Épicerie sucrée;Épicerie sucrée
kinder - delice x10, 390g (13.8oz);Épicerie sucrée;Épicerie sucrée
hohos;Épicerie sucrée;Épicerie sucrée
bimo;Épicerie sucrée;Fruits & Légumes
malt loaf;Épicerie sucrée;Épicerie sucrée
excelo nougat;Épicerie sucrée;Épicerie sucrée
hohos;Épicerie sucrée;Épicerie sucrée
runny honey imp;Épicerie sucrée;Épicerie sucrée
squeezy honey;Épicerie sucrée;Épicerie sucrée
miel cremeux francais & responsable;Épicerie sucrée;Épicerie sucrée
tartimiel lune de miel doseur 250 g;Fruits & Légumes;Fruits & Légumes
miel de fleurs;Épicerie sucrée;Épicerie sucrée
miel de fleurs liquide doseur 500g;Épicerie sucrée;Épicerie sucrée
miel de montagne;Épicerie sucrée;Épicerie sucrée
honey;Épicerie sucrée;Épicerie sucrée
miel d'eucalyptus;Épicerie sucrée;Épicerie sucrée
honey;Épicerie sucrée;Épicerie sucrée
runny honey;Épicerie sucrée;Épicerie sucrée
miel de flores;Épicerie sucrée;Épicerie sucrée
miel de fleurs bio liquide doseur 500g;Épicerie sucrée;Épicerie sucrée
miel de france;Épicerie sucrée;Épicerie sucrée
runny honey;Épicerie sucrée;Épicerie sucrée
bio flussiger honig goldklar;Épicerie sucrée;Fruits & Légumes
blossom honey;Épicerie sucrée;Épicerie sucrée
miel de fleurs cremeux;Épicerie sucrée;Épicerie sucrée
organic honey;Épicerie sucrée;Épicerie sucrée
light & mild honey;Épicerie sucrée;Épicerie sucrée
vegan bouillon powder reduced salt;Fruits & Légumes;Fruits & Légumes
organic vegetable stock cubes;Fruits & Légumes;Fruits & Légumes
fruit & nut mix;Fruits & Légumes;Fruits & Légumes
organic chicken stock cubes 8 pack;Épicerie sucrée;Fruits & Légumes
cocoa orange fruit & nut bars;Fruits & Légumes;Fruits & Légumes
indomie shrimp noodles;Fruits & Légumes;Fruits & Légumes
organic beef stock cubes 8 pack;Épicerie salée;Fruits & Légumes
very low salt organic vegetable 6 stock cubes;Fruits & Légumes;Fruits & Légumes
nouilles instantanees gout poulet;Fruits & Légumes;Fruits & Légumes
instant nudeln - chicken flavour;Fruits & Légumes;Fruits & Légumes
abricot sec;Fruits & Légumes;Fruits & Légumes
nut & fruit mix classic;Fruits & Légumes;Fruits & Légumes
cashew-cranberry-mix;Fruits & Légumes;Fruits & Légumes
nido;Boissons;Fruits & Légumes
nan optipro;Boissons;Fruits & Légumes
indomie;Fruits & Légumes;Fruits & Légumes
vegetable stock pot 8 x imp;Fruits & Légumes;Fruits & Légumes
vegetable stock cubes 8 x imp;Fruits & Légumes;Fruits & Légumes
orange juice;Boissons;Boissons
cappy pulpy;Boissons;Boissons
pressup;Boissons;Boissons
pet 2l oasis tropical;Boissons;Boissons
press up;Boissons;Boissons
shot de gingembre bio;Boissons;Boissons
jutos;Fruits & Légumes;Boissons
jutos cocktail;Boissons;Boissons
assiri panache;Boissons;Fruits & Légumes
poms;Boissons;Fruits & Légumes
jutos;Boissons;Boissons
fruity black currants;Fruits & Légumes;Fruits & Légumes
pago ace - orange - carotte - citron;Boissons;Boissons
cola;Boissons;Boissons
succo di limone;Boissons;Boissons
orangina et sa pulpe !;Fruits & Légumes;Fruits & Légumes
press up mini;Boissons;Boissons
33cl can slim tropical;Boissons;Boissons
ice pomme 1.5l;Fruits & Légumes;Fruits & Légumes
orangina;Boissons;Fruits & Légumes
concentre de tomates aicha;Fruits & Légumes;Fruits & Légumes
tomates cerises allongees;Fruits & Légumes;Fruits & Légumes
aicha tomato paste;Fruits & Légumes;Fruits & Légumes
chopped tomatoes;Fruits & Légumes;Fruits & Légumes
crema de cacahuete;Fruits & Légumes;Fruits & Légumes
italian tomato puree double concentrate;Fruits & Légumes;Fruits & Légumes
italian chopped tomatoes;Fruits & Légumes;Fruits & Légumes
carottes rapees;Fruits & Légumes;Fruits & Légumes
chopped tomatoes;Fruits & Légumes;Fruits & Légumes
aubergines cuisinees a la provencale;Fruits & Légumes;Fruits & Légumes
courgettes cuisinees a la provencale;Fruits & Légumes;Fruits & Légumes
passierte tomate;Fruits & Légumes;Fruits & Légumes
chopped tomatoes;Fruits & Légumes;Fruits & Légumes
solis;Fruits & Légumes;Fruits & Légumes
carottes rapees a la ciboulette;Fruits & Légumes;Fruits & Légumes
haricots verts 100g environ 25 cal;Fruits & Légumes;Fruits & Légumes
italian chopped tomatoes in tomato juice;Fruits & Légumes;Fruits & Légumes
batchelors : mushy original;Fruits & Légumes;Fruits & Légumes
geschalte tomaten;Fruits & Légumes;Fruits & Légumes
chopped tomatoes;Fruits & Légumes;Fruits & Légumes
baked beans;Fruits & Légumes;Fruits & Légumes
ratatouille cuisinee a la provencale cassegrain 380g;Fruits & Légumes;Fruits & Légumes
chickpeas in water;Fruits & Légumes;Fruits & Légumes
baked beans;Fruits & Légumes;Fruits & Légumes
chopped tomatoes;Fruits & Légumes;Fruits & Légumes
heinz baked beans;Fruits & Légumes;Fruits & Légumes
baked beans;Fruits & Légumes;Fruits & Légumes
italian chopped tomatoes;Fruits & Légumes;Fruits & Légumes
lentilles preparees;Fruits & Légumes;Fruits & Légumes
chopped tomatoes;Fruits & Légumes;Fruits & Légumes
chickpeas in water;Fruits & Légumes;Fruits & Légumes
chick peas in salted water;Fruits & Légumes;Fruits & Légumes
courgettes cuisinees a la provencale;Fruits & Légumes;Fruits & Légumes
green lentils in water;Fruits & Légumes;Fruits & Légumes
chickpeas in water;Fruits & Légumes;Fruits & Légumes
lentilles cuisinees a l'auvergnate;Fruits & Légumes;Fruits & Légumes
chickpeas in water;Fruits & Légumes;Fruits & Légumes
butterbeans in water;Fruits & Légumes;Fruits & Légumes
chopped tomatoes;Fruits & Légumes;Fruits & Légumes
cooked chickpeas;Fruits & Légumes;Fruits & Légumes
levure de biere;Additif;Fruits & Légumes
protein cacahuetes & chocolat;Fruits & Légumes;Fruits & Légumes
protein cocoa hazelnut bars;Fruits & Légumes;Fruits & Légumes
cocoa orange fruit & nut bars;Fruits & Légumes;Fruits & Légumes
hipro 15g proteines;Produits laitiers;Fruits & Légumes
high protein drink cacao;Boissons;Boissons
protein caramel sale cacahuetes;Fruits & Légumes;Fruits & Légumes
premium omega-3;Épicerie salée;Fruits & Légumes
protein oat boosts cocoa vanilla;Épicerie sucrée;Épicerie sucrée
protein cocoa hazelnut bar;Fruits & Légumes;Fruits & Légumes
barre cereales proteines peanut& chocolat;Épicerie sucrée;Fruits & Légumes
multivitamin;Hygiène;Fruits & Légumes
high protein drink gusto vaniglia;Boissons;Boissons
sport;Produits laitiers;Fruits & Légumes
protein salted caramel nut;Épicerie sucrée;Fruits & Légumes
huel ready-to-drink - chocolate;Épicerie salée;Épicerie sucrée
high protein mousse lidl;Produits laitiers;Fruits & Légumes
chergui proteine;Boissons;Fruits & Légumes
filets de maquereau;Poisson & Fruits de mer;Poisson & Fruits de mer
sardines huile d'olive vierge extra;Poisson & Fruits de mer;Poisson & Fruits de mer
atun;Poisson & Fruits de mer;Poisson & Fruits de mer
joly thon entier;Poisson & Fruits de mer;Poisson & Fruits de mer
atun c / tomate isabel;Poisson & Fruits de mer;Poisson & Fruits de mer
miettes de maquereaux;Poisson & Fruits de mer;Poisson & Fruits de mer
thon joly;Poisson & Fruits de mer;Poisson & Fruits de mer
plain sardines;Poisson & Fruits de mer;Poisson & Fruits de mer
tam thon entier a l'huile;Poisson & Fruits de mer;Poisson & Fruits de mer
filets de maquereaux au vin blanc;Poisson & Fruits de mer;Poisson & Fruits de mer
filet de maquereaux au naturel;Poisson & Fruits de mer;Poisson & Fruits de mer
thon entier au naturel albacore;Poisson & Fruits de mer;Poisson & Fruits de mer
filets de maquereaux a la moutarde;Poisson & Fruits de mer;Poisson & Fruits de mer
filets de maquereaux grilles natures;Poisson & Fruits de mer;Poisson & Fruits de mer
atun claro en aceite de oliva;Poisson & Fruits de mer;Poisson & Fruits de mer
thon a lhuile;Poisson & Fruits de mer;Poisson & Fruits de mer
thon entier au naturel;Poisson & Fruits de mer;Poisson & Fruits de mer
delfy;Poisson & Fruits de mer;Fruits & Légumes
filets de sardines citron basilic;Poisson & Fruits de mer;Poisson & Fruits de mer
huile de table lio;Fruits & Légumes;Fruits & Légumes
huile de table equilibree riche en vitamines a,e,d3;Fruits & Légumes;Fruits & Légumes
hule d'olive;Fruits & Légumes;Fruits & Légumes
huile d'olive vierge extra;Fruits & Légumes;Fruits & Légumes
houilor;Fruits & Légumes;Fruits & Légumes
lio huile de table;Fruits & Légumes;Fruits & Légumes
huile d'olive vierge de maroc;Fruits & Légumes;Fruits & Légumes
huile lesieur 3 graines;Fruits & Légumes;Fruits & Légumes
huile d'olive;Fruits & Légumes;Fruits & Légumes
huile d'olive vierge extra bio classico;Fruits & Légumes;Fruits & Légumes
huile dolive;Fruits & Légumes;Fruits & Légumes
huile de tournesol;Fruits & Légumes;Fruits & Légumes
hemani coconut oil pure & natural (400ml);Fruits & Légumes;Fruits & Légumes
huile de grignon dolive;Fruits & Légumes;Fruits & Légumes
olive oil;Fruits & Légumes;Fruits & Légumes
afia;Fruits & Légumes;Fruits & Légumes
extra virgin olive oil;Fruits & Légumes;Fruits & Légumes
huile d'olive bio;Fruits & Légumes;Fruits & Légumes
huile d'olive vierge extra;Fruits & Légumes;Fruits & Légumes
huile isio 4;Fruits & Légumes;Fruits & Légumes
orange juice;Boissons;Boissons
cappy pulpy;Boissons;Boissons
pressup;Boissons;Boissons
press up;Boissons;Boissons
shot de gingembre bio;Boissons;Boissons
jutos;Fruits & Légumes;Boissons
jutos cocktail;Boissons;Boissons
jutos;Boissons;Boissons
pago ace - orange - carotte - citron;Boissons;Boissons
succo di limone;Boissons;Boissons
press up mini;Boissons;Boissons
ice pomme 1.5l;Fruits & Légumes;Fruits & Légumes
orangensaft;Fruits & Légumes;Fruits & Légumes
simon life;Fruits & Légumes;Fruits & Légumes
juicy oranges whole fruit squash;Boissons;Fruits & Légumes
le bio pour toute la famille multifruit;Fruits & Légumes;Fruits & Légumes
pulpy pecne;Fruits & Légumes;Fruits & Légumes
tropicana 100% oranges pressees sans pulpe format familial 1,5 l;Fruits & Légumes;Fruits & Légumes
nectar de pommes - doux - bio;Fruits & Légumes;Fruits & Légumes
hawai ananas 1l;Fruits & Légumes;Fruits & Légumes
weetabix;Fruits & Légumes;Fruits & Légumes
cruesly melange de noix;Fruits & Légumes;Fruits & Légumes
family pack;Fruits & Légumes;Fruits & Légumes
zarte haferflocken;Fruits & Légumes;Fruits & Légumes
flocons d'avoine;Fruits & Légumes;Fruits & Légumes
croustillant chocolat;Fruits & Légumes;Fruits & Légumes
weetabix original;Fruits & Légumes;Fruits & Légumes
36 wheat bisks;Fruits & Légumes;Fruits & Légumes
muesli raisin, figue, abricot;Fruits & Légumes;Fruits & Légumes
special muesli 30% fruits & noix;Fruits & Légumes;Fruits & Légumes
quaker rolled oats;Fruits & Légumes;Fruits & Légumes
muesli superfruits raisins, cassis,cranberry, myrtille;Fruits & Légumes;Fruits & Légumes
corn flakes;Fruits & Légumes;Fruits & Légumes
flocons d'avoine complete;Fruits & Légumes;Fruits & Légumes
country crisp 4 noix;Fruits & Légumes;Fruits & Légumes
copos de avena;Fruits & Légumes;Fruits & Légumes
dorset cereals simply nutty;Fruits & Légumes;Fruits & Légumes
muesli crunchy;Fruits & Légumes;Fruits & Légumes
bitesize shredded wheat;Fruits & Légumes;Fruits & Légumes
wheat biscuits;Fruits & Légumes;Fruits & Légumes
tonik;Fruits & Légumes;Fruits & Légumes
dark chocolate;Épicerie sucrée;Épicerie sucrée
toffifee;Épicerie sucrée;Épicerie sucrée
kinder bueno white;Épicerie sucrée;Épicerie sucrée
chocolate;Épicerie sucrée;Épicerie sucrée
peanut;Épicerie sucrée;Fruits & Légumes
toblerone;Épicerie sucrée;Épicerie sucrée
tonik;Épicerie sucrée;Fruits & Légumes
coco specialty;Épicerie sucrée;Épicerie sucrée
ferrero rocher;Épicerie sucrée;Épicerie sucrée
kinder country;Épicerie sucrée;Épicerie sucrée
kinder bueno;Épicerie sucrée;Épicerie sucrée
merci finest selection assorted chocolates;Épicerie sucrée;Fruits & Légumes
dark chocolate nuts & sea salt bars;Fruits & Légumes;Fruits & Légumes
snickers;Épicerie sucrée;Épicerie sucrée
twix double;Épicerie sucrée;Fruits & Légumes
ferrero rocher;Épicerie sucrée;Épicerie sucrée
kinder - delice x10, 390g (13.8oz);Épicerie sucrée;Épicerie sucrée
kitkat;Épicerie sucrée;Épicerie sucrée
blanc de poulet;Viandes & Charcuterie;Viandes & Charcuterie
herta blanc poulet nature conservation sans nitrite x4 -140g;Viandes & Charcuterie;Viandes & Charcuterie
roti de poulet - 100% filet;Viandes & Charcuterie;Viandes & Charcuterie
chicken italia chipolatas;Viandes & Charcuterie;Viandes & Charcuterie
aiguillettes de poulet roti;Viandes & Charcuterie;Viandes & Charcuterie
tiras pollo al natural;Viandes & Charcuterie;Viandes & Charcuterie
pechuguita de pollo asada al horno;Viandes & Charcuterie;Viandes & Charcuterie
l'escalope cordon bleu poulet;Viandes & Charcuterie;Viandes & Charcuterie
lightly salted corn cakes;Viandes & Charcuterie;Fruits & Légumes
herta blanc poulet sel reduit sans nitrite x4 140g;Viandes & Charcuterie;Viandes & Charcuterie
tiras de pechuga de pollo al horno;Viandes & Charcuterie;Viandes & Charcuterie
panes de poulet x2;Viandes & Charcuterie;Viandes & Charcuterie
filet de poulet roti;Viandes & Charcuterie;Viandes & Charcuterie
eminces de poulet - rotis au four;Viandes & Charcuterie;Viandes & Charcuterie
carne de kebab pollo;Viandes & Charcuterie;Viandes & Charcuterie
yaourt;Boissons;Produits laitiers
blanc de poulet  - 25% de sel*;Viandes & Charcuterie;Viandes & Charcuterie
aiguillettes de poulet au miel et aux epices semoule;Viandes & Charcuterie;Viandes & Charcuterie
blanc de poulet - roti a la broche;Viandes & Charcuterie;Viandes & Charcuterie
taboule au poulet a la ciboulette;Épicerie sucrée;Épicerie sucrée
green tea;Boissons;Fruits & Légumes
41022;Boissons;Boissons
chicoree soluble nature;Boissons;Boissons
le choco;Boissons;Fruits & Légumes
nescafe special filtre l'original flacon de 200g;Boissons;Boissons
benco original;Boissons;Boissons
nescafe nes, cafe soluble, boite de 200g;Boissons;Fruits & Légumes
cafe moulu pur arabica des petits producteurs;Fruits & Légumes;Fruits & Légumes
banania original - cacao cereales touche de banane & miel;Boissons;Épicerie sucrée
chicoree soluble nature bio 100g;Boissons;Boissons
ricore original cafe & chicoree;Boissons;Boissons
pet 1.2l maytea menthe;Boissons;Boissons
carte noire;Boissons;Fruits & Légumes
apple & raisin oat bar;Boissons;Boissons
bournville cocoa;Boissons;Fruits & Légumes
infusion touche d'hibiscus;Fruits & Légumes;Fruits & Légumes
familial;Fruits & Légumes;Fruits & Légumes
the;Fruits & Légumes;Fruits & Légumes
original taste;Boissons;Boissons
oulmes natural carbonated water;Boissons;Fruits & Légumes
bte 33cl slim coca cola;Boissons;Boissons
oulmes eau gazeuse;Fruits & Légumes;Boissons
coca-cola zero sugar - 330 ml;Boissons;Boissons
hawai tropical;Boissons;Boissons
s. pellegrino water;Boissons;Fruits & Légumes
la salvetat;Boissons;Fruits & Légumes
coca-cola zero azucar;Boissons;Boissons
coca cola 500ml;Boissons;Boissons
zero sugar;Boissons;Boissons
coca-cola;Boissons;Boissons
coca cola;Boissons;Boissons
eau minerale naturelle gazeuse;Boissons;Boissons
oulmes eau minerale naturellement gazeuse;Fruits & Légumes;Fruits & Légumes
coca-cola original taste;Boissons;Boissons
sprite;Fruits & Légumes;Fruits & Légumes
cristaline eau de source petillante 1,5l;Fruits & Légumes;Fruits & Légumes
coca-cola slim 25cl;Boissons;Boissons
prince gout chocolat;Épicerie sucrée;Épicerie sucrée
tonik;Fruits & Légumes;Fruits & Légumes
sesame;Épicerie sucrée;Épicerie sucrée
zero sin azucares fibra;Épicerie sucrée;Épicerie sucrée
henrys;Épicerie sucrée;Épicerie sucrée
king cookies;Épicerie sucrée;Épicerie sucrée
sable coco henry s 42g;Épicerie sucrée;Épicerie sucrée
henrys;Épicerie sucrée;Épicerie sucrée
momo black;Épicerie sucrée;Épicerie sucrée
original;Épicerie sucrée;Épicerie sucrée
biscuits croquants au coeur onctueux de nutella;Épicerie sucrée;Épicerie sucrée
pomme   noisette;Épicerie sucrée;Épicerie sucrée
2 bars milk and hazelnuts;Épicerie sucrée;Épicerie sucrée
figue & son;Épicerie sucrée;Épicerie sucrée
granola;Épicerie sucrée;Épicerie sucrée
henry's sable coco biscuit 85g;Épicerie sucrée;Épicerie sucrée
biscuit raisins;Épicerie sucrée;Épicerie sucrée
nutri+ avoine chocolat;Épicerie sucrée;Épicerie sucrée
digestives;Épicerie sucrée;Épicerie sucrée
lightly salted low fat corn cakes;Fruits & Légumes;Fruits & Légumes
confiture de fraise;Fruits & Légumes;Fruits & Légumes
el baraka confiture de fraises 430 g;Fruits & Légumes;Fruits & Légumes
confiture d'abricot;Fruits & Légumes;Fruits & Légumes
el baraka confiture d'abricots 430 g;Fruits & Légumes;Fruits & Légumes
strawberry jam;Fruits & Légumes;Fruits & Légumes
delicia - confiture d'abricot;Fruits & Légumes;Fruits & Légumes
delicia;Fruits & Légumes;Fruits & Légumes
doce extra morango;Fruits & Légumes;Fruits & Légumes
raspberry conserve;Fruits & Légumes;Fruits & Légumes
confiture de fraises aicha;Fruits & Légumes;Fruits & Légumes
confiture de fraises;Fruits & Légumes;Fruits & Légumes
el baraka;Fruits & Légumes;Fruits & Légumes
confiture fraises;Fruits & Légumes;Fruits & Légumes
fraise intense;Fruits & Légumes;Fruits & Légumes
delicia - confiture d'abricot;Fruits & Légumes;Fruits & Légumes
double concentre de tomates;Fruits & Légumes;Fruits & Légumes
confiture de fraise;Fruits & Légumes;Fruits & Légumes
la delicieuse;Fruits & Légumes;Fruits & Légumes
confiture fraise -30% de sucres;Fruits & Légumes;Fruits & Légumes
runny honey imp;Épicerie sucrée;Épicerie sucrée
squeezy honey;Épicerie sucrée;Épicerie sucrée
miel cremeux francais & responsable;Épicerie sucrée;Épicerie sucrée
tartimiel lune de miel doseur 250 g;Fruits & Légumes;Fruits & Légumes
miel de fleurs;Épicerie sucrée;Épicerie sucrée
miel de fleurs liquide doseur 500g;Épicerie sucrée;Épicerie sucrée
miel de montagne;Épicerie sucrée;Épicerie sucrée
honey;Épicerie sucrée;Épicerie sucrée
miel d'eucalyptus;Épicerie sucrée;Épicerie sucrée
honey;Épicerie sucrée;Épicerie sucrée
runny honey;Épicerie sucrée;Épicerie sucrée
miel de flores;Épicerie sucrée;Épicerie sucrée
miel de fleurs bio liquide doseur 500g;Épicerie sucrée;Épicerie sucrée
miel de france;Épicerie sucrée;Épicerie sucrée
runny honey;Épicerie sucrée;Épicerie sucrée
bio flussiger honig goldklar;Épicerie sucrée;Fruits & Légumes
blossom honey;Épicerie sucrée;Épicerie sucrée
miel de fleurs cremeux;Épicerie sucrée;Épicerie sucrée
organic honey;Épicerie sucrée;Épicerie sucrée
light & mild honey;Épicerie sucrée;Épicerie sucrée
baked beans;Fruits & Légumes;Fruits & Légumes
chickpeas in water;Fruits & Légumes;Fruits & Légumes
puy lentils & french green lentils;Fruits & Légumes;Fruits & Légumes
baked beans;Fruits & Légumes;Fruits & Légumes
protein packed lentil cakes;Fruits & Légumes;Fruits & Légumes
tomatoey french puy & green lentils;Fruits & Légumes;Fruits & Légumes
heinz baked beans;Fruits & Légumes;Fruits & Légumes
baked beans;Fruits & Légumes;Fruits & Légumes
lentilles preparees;Fruits & Légumes;Fruits & Légumes
chickpeas in water;Fruits & Légumes;Fruits & Légumes
lentilles cuisinees a l'auvergnate;Fruits & Légumes;Fruits & Légumes
yankee;Fruits & Légumes;Fruits & Légumes
les tranches vege haricots blancs;Fruits & Légumes;Fruits & Légumes
original salted peanuts;Fruits & Légumes;Fruits & Légumes
chick peas in salted water;Fruits & Légumes;Fruits & Légumes
lentilles cuisinees, riz & soja;Fruits & Légumes;Fruits & Légumes
green lentils in water;Fruits & Légumes;Fruits & Légumes
cacahuetes - grillees & salees;Fruits & Légumes;Fruits & Légumes
green lentils in water;Fruits & Légumes;Fruits & Légumes
paahdettu maapahkina;Fruits & Légumes;Fruits & Légumes
cheddar;Produits laitiers;Produits laitiers
coulommiers doux et cremeux;Produits laitiers;Fruits & Légumes
caprice des dieux;Produits laitiers;Fruits & Légumes
le gout primeur format familial;Produits laitiers;Produits laitiers
president camembert 250g;Produits laitiers;Fruits & Légumes
mature cheddar;Produits laitiers;Produits laitiers
garlic & herbs soft french cheese;Produits laitiers;Fruits & Légumes
suave;Produits laitiers;Fruits & Légumes
l'original tartare ail & fines herbes;Produits laitiers;Épicerie sucrée
leerdammer original 8 tranches 200g;Produits laitiers;Fruits & Légumes
natural cottage cheese;Produits laitiers;Produits laitiers
mozzarella;Produits laitiers;Fruits & Légumes
chaussee aux moines 340g;Produits laitiers;Fruits & Légumes
philadelphia nature 300g;Produits laitiers;Produits laitiers
president emmental coeur de meule 250g;Produits laitiers;Fruits & Légumes
emmental rape;Produits laitiers;Fruits & Légumes
mature cheddar;Produits laitiers;Produits laitiers
paysan breton - le fromage fouette madame loik - ail et fines herbes de nos regions francaises;Produits laitiers;Fruits & Légumes
camembert;Produits laitiers;Fruits & Légumes
hule d'olive;Fruits & Légumes;Fruits & Légumes
huile d'olive vierge extra;Fruits & Légumes;Fruits & Légumes
houilor;Fruits & Légumes;Fruits & Légumes
lio huile de table;Fruits & Légumes;Fruits & Légumes
huile d'olive vierge de maroc;Fruits & Légumes;Fruits & Légumes
huile d'olive;Fruits & Légumes;Fruits & Légumes
huile d'olive vierge extra bio classico;Fruits & Légumes;Fruits & Légumes
huile dolive;Fruits & Légumes;Fruits & Légumes
huile de grignon dolive;Fruits & Légumes;Fruits & Légumes
olive oil;Fruits & Légumes;Fruits & Légumes
pitted green olives;Fruits & Légumes;Fruits & Légumes
extra virgin olive oil;Fruits & Légumes;Fruits & Légumes
huile d'olive bio;Fruits & Légumes;Fruits & Légumes
huile d'olive vierge extra;Fruits & Légumes;Fruits & Légumes
huile d'olive;Fruits & Légumes;Fruits & Légumes
huile d'olive vierge extra;Fruits & Légumes;Fruits & Légumes
huile d'olive;Fruits & Légumes;Fruits & Légumes
huile dolive vierge extra;Fruits & Légumes;Fruits & Légumes
huile d'olive vierge extra granfruttato;Fruits & Légumes;Fruits & Légumes
huile d\'olive;Fruits & Légumes;Fruits & Légumes
blanc de poulet;Viandes & Charcuterie;Viandes & Charcuterie
herta blanc poulet nature conservation sans nitrite x4 -140g;Viandes & Charcuterie;Viandes & Charcuterie
roti de poulet - 100% filet;Viandes & Charcuterie;Viandes & Charcuterie
aiguillettes de poulet roti;Viandes & Charcuterie;Viandes & Charcuterie
tiras pollo al natural;Viandes & Charcuterie;Viandes & Charcuterie
pechuguita de pollo asada al horno;Viandes & Charcuterie;Viandes & Charcuterie
lightly salted corn cakes;Viandes & Charcuterie;Fruits & Légumes
tiras de pechuga de pollo al horno;Viandes & Charcuterie;Viandes & Charcuterie
panes de poulet x2;Viandes & Charcuterie;Viandes & Charcuterie
filet de poulet roti;Viandes & Charcuterie;Viandes & Charcuterie
eminces de poulet - rotis au four;Viandes & Charcuterie;Viandes & Charcuterie
carne de kebab pollo;Viandes & Charcuterie;Viandes & Charcuterie
blanc de poulet  - 25% de sel*;Viandes & Charcuterie;Viandes & Charcuterie
aiguillettes de poulet au miel et aux epices semoule;Viandes & Charcuterie;Viandes & Charcuterie
blanc de poulet - roti a la broche;Viandes & Charcuterie;Viandes & Charcuterie
taboule au poulet a la ciboulette;Épicerie sucrée;Épicerie sucrée
chicken dippers;Viandes & Charcuterie;Fruits & Légumes
cordons bleus de poulet;Viandes & Charcuterie;Viandes & Charcuterie
fine de poulet;Viandes & Charcuterie;Viandes & Charcuterie
herta knacki saucisses 100% poulet x6 - 210g;Viandes & Charcuterie;Viandes & Charcuterie
runny honey imp;Épicerie sucrée;Épicerie sucrée
squeezy honey;Épicerie sucrée;Épicerie sucrée
miel cremeux francais & responsable;Épicerie sucrée;Épicerie sucrée
tartimiel lune de miel doseur 250 g;Fruits & Légumes;Fruits & Légumes
miel de fleurs;Épicerie sucrée;Épicerie sucrée
miel de fleurs liquide doseur 500g;Épicerie sucrée;Épicerie sucrée
miel de montagne;Épicerie sucrée;Épicerie sucrée
honey;Épicerie sucrée;Épicerie sucrée
miel d'eucalyptus;Épicerie sucrée;Épicerie sucrée
honey;Épicerie sucrée;Épicerie sucrée
runny honey;Épicerie sucrée;Épicerie sucrée
miel de flores;Épicerie sucrée;Épicerie sucrée
miel de fleurs bio liquide doseur 500g;Épicerie sucrée;Épicerie sucrée
miel de france;Épicerie sucrée;Épicerie sucrée
runny honey;Épicerie sucrée;Épicerie sucrée
bio flussiger honig goldklar;Épicerie sucrée;Fruits & Légumes
blossom honey;Épicerie sucrée;Épicerie sucrée
miel de fleurs cremeux;Épicerie sucrée;Épicerie sucrée
organic honey;Épicerie sucrée;Épicerie sucrée
light & mild honey;Épicerie sucrée;Épicerie sucrée
lightly sea salted;Fruits & Légumes;Fruits & Légumes
sour cream & onion;Épicerie sucrée;Épicerie sucrée
chips;Fruits & Légumes;Fruits & Légumes
pringles sare;Fruits & Légumes;Fruits & Légumes
pringles original;Épicerie sucrée;Épicerie sucrée
pringles original;Épicerie sucrée;Épicerie sucrée
pringles;Épicerie sucrée;Épicerie sucrée
sea salt & cider vinegar chips;Fruits & Légumes;Fruits & Légumes
sour cream & onion;Épicerie sucrée;Épicerie sucrée
properchips sea salt lentil chips;Épicerie sucrée;Épicerie sucrée
pringles original;Épicerie sucrée;Épicerie sucrée
chips de lentilles saveur fines herbes;Épicerie sucrée;Fruits & Légumes
lay's cuites au four nature;Fruits & Légumes;Fruits & Légumes
sour cream & onion;Fruits & Légumes;Épicerie sucrée
pringles sour cream;Fruits & Légumes;Épicerie sucrée
pringles;Fruits & Légumes;Épicerie sucrée
pelotazos futebolas;Épicerie sucrée;Épicerie sucrée
pringles texas bbq 165g ajman;Épicerie sucrée;Épicerie sucrée
chips saveur fromage du jura;Fruits & Légumes;Fruits & Légumes
bonbon a la seve de pin;Épicerie sucrée;Fruits & Légumes
300g dragibus soft haribo;Épicerie sucrée;Épicerie sucrée
230g vichy menthe;Épicerie sucrée;Épicerie sucrée
chamallow;Épicerie sucrée;Épicerie sucrée
220g tagada doypack haribo;Épicerie sucrée;Épicerie sucrée
50g ricola citron melisse;Épicerie sucrée;Épicerie sucrée
croco;Épicerie sucrée;Épicerie sucrée
mentos fruit;Épicerie sucrée;Fruits & Légumes
jelly snakes;Épicerie sucrée;Épicerie sucrée
50g ricola framboise melisse;Épicerie sucrée;Épicerie sucrée
50g ricola eucalyptus;Épicerie sucrée;Épicerie sucrée
tagada, l'originale;Épicerie sucrée;Épicerie sucrée
600g happy box haribo;Épicerie sucrée;Fruits & Légumes
200g scoubidou lutti;Épicerie sucrée;Fruits & Légumes
longfizz;Épicerie sucrée;Épicerie sucrée
gaufres cote dor;Épicerie sucrée;Fruits & Légumes
wrigleys extra spearmint 84g;Épicerie sucrée;Épicerie sucrée
schtroumpfs;Épicerie sucrée;Épicerie sucrée
ain soltane;Boissons;Boissons
cocoa orange;Fruits & Légumes;Fruits & Légumes
crownfield premium fruit and nut muesli;Fruits & Légumes;Fruits & Légumes
creme yaourt brasse ;Fruits & Légumes;Fruits & Légumes
assaisonnement aromatise au citron;Fruits & Légumes;Fruits & Légumes
bio knusper musli fruchte;Fruits & Légumes;Fruits & Légumes
perly facon tarte aux fraises;Fruits & Légumes;Fruits & Légumes
soft pitted dates;Fruits & Légumes;Fruits & Légumes
compote pomme nature;Fruits & Légumes;Fruits & Légumes
jus joker multifruit;Fruits & Légumes;Fruits & Légumes
greek feta;Fruits & Légumes;Fruits & Légumes
datteln;Fruits & Légumes;Fruits & Légumes
soft dates;Fruits & Légumes;Fruits & Légumes
pruneaux d'agen denoyautes;Fruits & Légumes;Fruits & Légumes
ananas. stucke;Fruits & Légumes;Fruits & Légumes
bio et equitable;Fruits & Légumes;Fruits & Légumes
apfelsaft aus apfelsaftkonzentrat;Boissons;Fruits & Légumes
pina en su jugo;Fruits & Légumes;Fruits & Légumes
almonds;Fruits & Légumes;Fruits & Légumes
cashewkerne naturbelassen;Fruits & Légumes;Fruits & Légumes
menguy's peanut 100%;Fruits & Légumes;Fruits & Légumes
paranusskerne;Fruits & Légumes;Fruits & Légumes
menguy's beurre de cacahuetes creamy;Fruits & Légumes;Fruits & Légumes
dorset cereals simply nutty;Fruits & Légumes;Fruits & Légumes
pistaches de californie;Fruits & Légumes;Fruits & Légumes
pistacchi;Fruits & Légumes;Fruits & Légumes
nuez natural pelada;Fruits & Légumes;Fruits & Légumes
pecan nuts natural;Fruits & Légumes;Fruits & Légumes
crema de cacahuete;Fruits & Légumes;Fruits & Légumes
haselnusskerne gerostet;Fruits & Légumes;Fruits & Légumes
yankee;Fruits & Légumes;Fruits & Légumes
crema de cacahuete amendoim;Fruits & Légumes;Fruits & Légumes
original salted peanuts;Fruits & Légumes;Fruits & Légumes
cacahuetes - grillees & salees;Fruits & Légumes;Fruits & Légumes
paahdettu maapahkina;Fruits & Légumes;Fruits & Légumes
graze marmite crunch;Fruits & Légumes;Fruits & Légumes
lightly sea salted;Fruits & Légumes;Fruits & Légumes
sour cream & onion;Épicerie sucrée;Épicerie sucrée
chips;Fruits & Légumes;Fruits & Légumes
pringles sare;Fruits & Légumes;Fruits & Légumes
pringles original;Épicerie sucrée;Épicerie sucrée
pringles original;Épicerie sucrée;Épicerie sucrée
pringles;Épicerie sucrée;Épicerie sucrée
sea salt & cider vinegar chips;Fruits & Légumes;Fruits & Légumes
sour cream & onion;Épicerie sucrée;Épicerie sucrée
properchips sea salt lentil chips;Épicerie sucrée;Épicerie sucrée
pringles original;Épicerie sucrée;Épicerie sucrée
chips de lentilles saveur fines herbes;Épicerie sucrée;Fruits & Légumes
lay's cuites au four nature;Fruits & Légumes;Fruits & Légumes
sour cream & onion;Fruits & Légumes;Épicerie sucrée
pringles sour cream;Fruits & Légumes;Épicerie sucrée
pringles;Fruits & Légumes;Épicerie sucrée
pelotazos futebolas;Épicerie sucrée;Épicerie sucrée
pringles texas bbq 165g ajman;Épicerie sucrée;Épicerie sucrée
chips saveur fromage du jura;Fruits & Légumes;Fruits & Légumes
herta le bon paris jambon a l'etouffee sans nitrite x4-140g;Viandes & Charcuterie;Viandes & Charcuterie
le superieur - a l'etouffee - conservation sans nitrite;Viandes & Charcuterie;Viandes & Charcuterie
le superieur -25% de sel - conservation sans nitrite;Viandes & Charcuterie;Viandes & Charcuterie
herta le bon paris jambon sel reduit sans nitrite x4-140g;Viandes & Charcuterie;Viandes & Charcuterie
herta le bon paris jambon a l'etouffee x4 -170g;Viandes & Charcuterie;Viandes & Charcuterie
zero nitrite - le superieur;Viandes & Charcuterie;Viandes & Charcuterie
jamon cocido natural;Viandes & Charcuterie;Viandes & Charcuterie
jamon cocido extra;Viandes & Charcuterie;Viandes & Charcuterie
herta le bon paris jambon a l'etouffee x6 -255g;Viandes & Charcuterie;Viandes & Charcuterie
jamon serrano;Viandes & Charcuterie;Fruits & Légumes
jambon simplement bio - conservation sans nitrite;Viandes & Charcuterie;Viandes & Charcuterie
allumettes de jambon;Viandes & Charcuterie;Viandes & Charcuterie
le tranche fin - degustation - 25% de sel*;Viandes & Charcuterie;Viandes & Charcuterie
jambon le superieur -25% de sel;Viandes & Charcuterie;Viandes & Charcuterie
le jambon superieur sans couenne sans nitrite;Viandes & Charcuterie;Viandes & Charcuterie
finas lonchas;Viandes & Charcuterie;Fruits & Légumes
herta le bon paris jambon a l'etouffee sans nitrite x6 -210g;Viandes & Charcuterie;Viandes & Charcuterie
herta le bon paris jambon sel reduit x4 - 140g;Viandes & Charcuterie;Viandes & Charcuterie
le torchon - cuit a l'etouffee  - 25% de sel*;Viandes & Charcuterie;Viandes & Charcuterie
jamon cocido;Viandes & Charcuterie;Viandes & Charcuterie
cappy pulpy;Boissons;Boissons
pressup;Boissons;Boissons
press up;Boissons;Boissons
shot de gingembre bio;Boissons;Boissons
jutos;Fruits & Légumes;Boissons
jutos cocktail;Boissons;Boissons
jutos;Boissons;Boissons
pago ace - orange - carotte - citron;Boissons;Boissons
succo di limone;Boissons;Boissons
press up mini;Boissons;Boissons
ice pomme 1.5l;Fruits & Légumes;Fruits & Légumes
orangensaft;Fruits & Légumes;Fruits & Légumes
simon life;Fruits & Légumes;Fruits & Légumes
juicy oranges whole fruit squash;Boissons;Fruits & Légumes
pulpy pecne;Fruits & Légumes;Fruits & Légumes
tropicana 100% oranges pressees sans pulpe format familial 1,5 l;Fruits & Légumes;Fruits & Légumes
melanges de fruits;Boissons;Fruits & Légumes
1l pur jus orange joker new;Fruits & Légumes;Fruits & Légumes
jus d'orange sans pulpe;Fruits & Légumes;Fruits & Légumes
frutas mezcladas;Boissons;Fruits & Légumes
original taste;Boissons;Boissons
bte 33cl slim coca cola;Boissons;Boissons
coca-cola zero sugar - 330 ml;Boissons;Boissons
hawai tropical;Boissons;Boissons
coca-cola zero azucar;Boissons;Boissons
coca cola 500ml;Boissons;Boissons
zero sugar;Boissons;Boissons
coca-cola;Boissons;Boissons
coca cola;Boissons;Boissons
coca-cola original taste;Boissons;Boissons
sprite;Fruits & Légumes;Fruits & Légumes
coca-cola slim 25cl;Boissons;Boissons
coca-cola;Boissons;Boissons
poms;Boissons;Fruits & Légumes
pet 1.75l coca;Fruits & Légumes;Fruits & Légumes
cola;Boissons;Boissons
orangina et sa pulpe !;Fruits & Légumes;Fruits & Légumes
coca-cola zero;Boissons;Boissons
vanilla ice cream;Épicerie sucrée;Épicerie sucrée
noisetta;Épicerie sucrée;Épicerie sucrée
ice pulpe orange 1.5cl;Boissons;Fruits & Légumes
traditional dairy ice cream;Épicerie sucrée;Épicerie sucrée
nutella-eis;Épicerie sucrée;Épicerie sucrée
carte d'or les essentiels glace creme glacee vanille 700ml;Épicerie sucrée;Épicerie sucrée
swedish glace dairy-free smooth vanilla;Fruits & Légumes;Fruits & Légumes
chocolate fudge brownie;Épicerie sucrée;Épicerie sucrée
clotted cream ice cream;Épicerie sucrée;Épicerie sucrée
magadascan vanilla;Épicerie sucrée;Épicerie sucrée
tropical passionfruit & mango mochi ice cream;Épicerie sucrée;Épicerie sucrée
taste the difference vanilla ice cream;Épicerie sucrée;Épicerie sucrée
bon gelati premium almond ice cream;Épicerie sucrée;Épicerie sucrée
organic vanilla ice cream;Épicerie sucrée;Épicerie sucrée
strawberries & cream ice cream;Épicerie sucrée;Épicerie sucrée
glaces amande;Épicerie sucrée;Fruits & Légumes
oasis sorbet tropical;Épicerie sucrée;Épicerie sucrée
deluxe madagascar vanilla ice cream;Épicerie sucrée;Épicerie sucrée
salted caramel ice cream;Épicerie sucrée;Épicerie sucrée
pork sausages;Viandes & Charcuterie;Viandes & Charcuterie
herta knacki veggie saucisses vegetales x6 -210g;Fruits & Légumes;Fruits & Légumes
no artificial additives 6 pork sausages;Viandes & Charcuterie;Viandes & Charcuterie
chicken italia chipolatas;Viandes & Charcuterie;Viandes & Charcuterie
lincolnshire sausages;Fruits & Légumes;Fruits & Légumes
vegane pommersche schnittlauch;Fruits & Légumes;Fruits & Légumes
fuet espetec extra;Viandes & Charcuterie;Fruits & Légumes
herta knacki saucisses 100% pur porc x10 - 350g;Viandes & Charcuterie;Fruits & Légumes
proper porker 6 british pork sausages;Viandes & Charcuterie;Viandes & Charcuterie
simply chicken chipolatas;Viandes & Charcuterie;Fruits & Légumes
herta knacki saucisses 100% pur porc sans nitrite x6 -210g;Viandes & Charcuterie;Viandes & Charcuterie
edelsalami delicacy;Viandes & Charcuterie;Fruits & Légumes
peanut butter crunch;Fruits & Légumes;Fruits & Légumes
salchichas frankfurt;Viandes & Charcuterie;Fruits & Légumes
crenvursti piticel;Viandes & Charcuterie;Fruits & Légumes
fine de poulet;Viandes & Charcuterie;Viandes & Charcuterie
herta knacki saucisses 100% pur porc x6 - 210g;Viandes & Charcuterie;Fruits & Légumes
herta knacki veggie saucisses vegetales x4 -140g;Fruits & Légumes;Fruits & Légumes
veritables knacks d'alsace;Viandes & Charcuterie;Fruits & Légumes
herta knacki saucisses 100% poulet x6 - 210g;Viandes & Charcuterie;Viandes & Charcuterie
jben;Produits laitiers;Produits laitiers
marmite yeast extract;Produits laitiers;Produits laitiers
margarine la prairie 225g;Fruits & Légumes;Fruits & Légumes
tartine doux;Fruits & Légumes;Fruits & Légumes
jebli;Produits laitiers;Produits laitiers
primevere bio doux tartine & cuisson;Fruits & Légumes;Fruits & Légumes
la prairie classique;Fruits & Légumes;Fruits & Légumes
philadelphia;Produits laitiers;Produits laitiers
vegetable fat spread with 10% olive oil;Fruits & Légumes;Fruits & Légumes
carre frais - nature;Produits laitiers;Produits laitiers
st hubert bio & vegetal;Fruits & Légumes;Fruits & Légumes
flora buttery;Fruits & Légumes;Fruits & Légumes
paysan breton - le fromage fouette madame loik - nature au sel de guerande;Produits laitiers;Produits laitiers
tartine doux;Fruits & Légumes;Fruits & Légumes
proactiv margarine tartine;Fruits & Légumes;Fruits & Légumes
omega 3 doux;Fruits & Légumes;Fruits & Légumes
kiri carre 8p;Produits laitiers;Fruits & Légumes
alvalle gazpacho l'original;Fruits & Légumes;Fruits & Légumes
cream of tomato soup;Épicerie salée;Fruits & Légumes
instant nudeln - chicken flavour;Fruits & Légumes;Fruits & Légumes
classic chicken soup;Épicerie salée;Fruits & Légumes
roast chicken and traditional vegetables;Épicerie salée;Fruits & Légumes
caldo casero de pollo;Épicerie salée;Fruits & Légumes
vegetable stock pot 8 x imp;Fruits & Légumes;Fruits & Légumes
pursoup' veloute de 10 legumes;Fruits & Légumes;Fruits & Légumes
gazpacho original;Fruits & Légumes;Fruits & Légumes
gazpacho tradicional;Fruits & Légumes;Fruits & Légumes
shin ramyun noodle gourmet spicy;Fruits & Légumes;Fruits & Légumes
vegetable soup;Fruits & Légumes;Fruits & Légumes
knorr soupe minestrone a l'huile d'olive 104g 4 portions;Fruits & Légumes;Fruits & Légumes
yum yum shrimps;Fruits & Légumes;Fruits & Légumes
miso easy (traditional);Fruits & Légumes;Fruits & Légumes
mushroom soup;Fruits & Légumes;Fruits & Légumes
covent garden soup;Fruits & Légumes;Fruits & Légumes
tomato & basil;Fruits & Légumes;Fruits & Légumes
cully & sully, chicken vegetable soup;Épicerie salée;Fruits & Légumes
yumyum beef;Fruits & Légumes;Fruits & Légumes
confiture de fraise;Fruits & Légumes;Fruits & Légumes
el baraka confiture de fraises 430 g;Fruits & Légumes;Fruits & Légumes
confiture d'abricot;Fruits & Légumes;Fruits & Légumes
el baraka confiture d'abricots 430 g;Fruits & Légumes;Fruits & Légumes
strawberry jam;Fruits & Légumes;Fruits & Légumes
delicia - confiture d'abricot;Fruits & Légumes;Fruits & Légumes
delicia;Fruits & Légumes;Fruits & Légumes
doce extra morango;Fruits & Légumes;Fruits & Légumes
raspberry conserve;Fruits & Légumes;Fruits & Légumes
confiture de fraises aicha;Fruits & Légumes;Fruits & Légumes
confiture de fraises;Fruits & Légumes;Fruits & Légumes
el baraka;Fruits & Légumes;Fruits & Légumes
confiture fraises;Fruits & Légumes;Fruits & Légumes
fraise intense;Fruits & Légumes;Fruits & Légumes
delicia - confiture d'abricot;Fruits & Légumes;Fruits & Légumes
double concentre de tomates;Fruits & Légumes;Fruits & Légumes
confiture de fraise;Fruits & Légumes;Fruits & Légumes
la delicieuse;Fruits & Légumes;Fruits & Légumes
confiture fraise -30% de sucres;Fruits & Légumes;Fruits & Légumes
lait;Produits laitiers;Produits laitiers
lait entier uht;Produits laitiers;Produits laitiers
lait frais;Produits laitiers;Produits laitiers
salim;Produits laitiers;Produits laitiers
lait u.h.t entier;Produits laitiers;Produits laitiers
lait entier uht;Produits laitiers;Produits laitiers
gerostete mandel;Boissons;Boissons
lben carton pasteuriser;Boissons;Fruits & Légumes
le bon lait;Produits laitiers;Produits laitiers
le lait demi ecreme;Produits laitiers;Produits laitiers
lait frais 15 jours;Produits laitiers;Produits laitiers
salim;Produits laitiers;Produits laitiers
croissance reduit en sucre;Produits laitiers;Fruits & Légumes
jibal;Produits laitiers;Fruits & Légumes
semi-skimmed 1.8% fat milk;Produits laitiers;Fruits & Légumes
albane;Produits laitiers;Fruits & Légumes
raibi jamila;Boissons;Fruits & Légumes
pain de mie grandes tranches seigle & graines 500g;Fruits & Légumes;Fruits & Légumes
muesli crunchy;Fruits & Légumes;Fruits & Légumes
irish organic jumbo oats;Fruits & Légumes;Fruits & Légumes
cerelac;Fruits & Légumes;Fruits & Légumes
smoky spanish-style grains & rice;Fruits & Légumes;Fruits & Légumes
peanut butter oat bars;Fruits & Légumes;Fruits & Légumes
tilda steamed brown basmati rice;Fruits & Légumes;Fruits & Légumes
fakiat barbeque;Fruits & Légumes;Fruits & Légumes
ble tendre cuisson 10 min ebly 500 g;Fruits & Légumes;Fruits & Légumes
flaxseed;Fruits & Légumes;Fruits & Légumes
good grains spanish style grains;Fruits & Légumes;Fruits & Légumes
glorious grains;Fruits & Légumes;Fruits & Légumes
love, corn (sea salt);Fruits & Légumes;Fruits & Légumes
pure basmati rice;Fruits & Légumes;Fruits & Légumes
tilda brown basmati and wild ricea;Fruits & Légumes;Fruits & Légumes
classic wholegrain rice;Fruits & Légumes;Fruits & Légumes
quinoa gourmand;Fruits & Légumes;Fruits & Légumes
whole chia seeds;Fruits & Légumes;Fruits & Légumes
riz basmati du penjab;Fruits & Légumes;Fruits & Légumes
l'original;Fruits & Légumes;Épicerie sucrée
vegan bouillon powder reduced salt;Fruits & Légumes;Fruits & Légumes
organic vegetable stock cubes;Fruits & Légumes;Fruits & Légumes
fruit & nut mix;Fruits & Légumes;Fruits & Légumes
cocoa orange fruit & nut bars;Fruits & Légumes;Fruits & Légumes
abricot sec;Fruits & Légumes;Fruits & Légumes
nut & fruit mix classic;Fruits & Légumes;Fruits & Légumes
cashew-cranberry-mix;Fruits & Légumes;Fruits & Légumes
vegetable stock cubes 8 x imp;Fruits & Légumes;Fruits & Légumes
chicken stock pot 8 x;Fruits & Légumes;Fruits & Légumes
dried mango;Fruits & Légumes;Fruits & Légumes
soft pitted dates;Fruits & Légumes;Fruits & Légumes
secret d'aromes plein sud;Fruits & Légumes;Fruits & Légumes
maggi bouillon bio legumes 80g;Fruits & Légumes;Fruits & Légumes
organic swiss vegetable vegan bouillon powder;Fruits & Légumes;Fruits & Légumes
maggi bouillon kub legumes;Fruits & Légumes;Fruits & Légumes
bear pure fruit yoyos strawberry 20g;Fruits & Légumes;Fruits & Légumes
nuts royal;Fruits & Légumes;Fruits & Légumes
bouillon cube legumes degraisse;Fruits & Légumes;Fruits & Légumes
maggi bouillon kub legumes sel reduit 120g;Fruits & Légumes;Fruits & Légumes
margherita sourdough pizza;Épicerie salée;Épicerie salée
pizza;Surgelés;Épicerie salée
classic margherita mozzarella & tomato pizza;Épicerie salée;Épicerie salée
pizza base with tomato sauce;Épicerie salée;Épicerie salée
ristorante pizza mozzarella;Surgelés;Épicerie salée
ristorante pizza tonno;Surgelés;Fruits & Légumes
ristorante pizza vegetale;Surgelés;Fruits & Légumes
dolce pizza prosciutto;Épicerie salée;Épicerie salée
higgidy spinach,feta & roasted pepper quiche 400g;Épicerie salée;Fruits & Légumes
margherita sourdough pizza;Surgelés;Épicerie salée
fiorentina sourdough pizza;Épicerie salée;Fruits & Légumes
tomapizza;Épicerie salée;Fruits & Légumes
dolce pizza - regina;Viandes & Charcuterie;Fruits & Légumes
ristorante pizza mozzarella;Épicerie salée;Épicerie salée
ristorante pizza quattro fromaggi;Surgelés;Fruits & Légumes
pizzeria stromboli spicy salami;Épicerie salée;Fruits & Légumes
stonebaked thin margherita pizza;Surgelés;Épicerie salée
stonebaked margherita hand stretched pizza;Épicerie salée;Épicerie salée
pizza cuite sur pierre - margherita;Surgelés;Fruits & Légumes
ratatouille cuisinee a la provencale cassegrain 380g;Fruits & Légumes;Fruits & Légumes
chopped tomatoes;Fruits & Légumes;Fruits & Légumes
italian chopped tomatoes;Fruits & Légumes;Fruits & Légumes
chopped tomatoes;Fruits & Légumes;Fruits & Légumes
courgettes cuisinees a la provencale;Fruits & Légumes;Fruits & Légumes
green lentils in water;Fruits & Légumes;Fruits & Légumes
butterbeans in water;Fruits & Légumes;Fruits & Légumes
chopped tomatoes;Fruits & Légumes;Fruits & Légumes
chopped garlic;Fruits & Légumes;Fruits & Légumes
haricots verts 100g environ 25 cal;Fruits & Légumes;Fruits & Légumes
sonnenmais;Fruits & Légumes;Fruits & Légumes
chucrut al estilo bavaro;Fruits & Légumes;Fruits & Légumes
small chunk pickle;Fruits & Légumes;Fruits & Légumes
italian chopped tomatoes in tomato juice;Fruits & Légumes;Fruits & Légumes
batchelors : mushy original;Fruits & Légumes;Fruits & Légumes
maille extra fine gurken;Fruits & Légumes;Fruits & Légumes
geschalte tomaten;Fruits & Légumes;Fruits & Légumes
chopped tomatoes;Fruits & Légumes;Fruits & Légumes
chunky chopped tomatoes;Fruits & Légumes;Fruits & Légumes
salade & compagnie manhattan poulet roti;Épicerie salée;Viandes & Charcuterie
meat feast pizza;Épicerie salée;Épicerie salée
poulet au curry et noix de coco ;Épicerie salée;Viandes & Charcuterie
couscous oriental legumes cuisines et poulet emince;Viandes & Charcuterie;Viandes & Charcuterie
le ravioli pur boeuf;Fruits & Légumes;Fruits & Légumes
le cassoulet mitonne;Épicerie salée;Épicerie salée
ravioli pur buf  sans colorant ni conservateur;Fruits & Légumes;Fruits & Légumes
le cassoulet mitonne;Épicerie salée;Épicerie salée
risotto poulet & cepes, creme fraiche, petits oignons;Viandes & Charcuterie;Fruits & Légumes
paupiette de veau jardiniere de legumes;Viandes & Charcuterie;Fruits & Légumes
dolce pizza prosciutto;Épicerie salée;Épicerie salée
penne au poulet et au pesto;Épicerie salée;Épicerie salée
le chili con carne et son riz blanc;Viandes & Charcuterie;Viandes & Charcuterie
la moussaka boeuf & aubergines avec une touche de menthe douce;Viandes & Charcuterie;Fruits & Légumes
hachis parmentier emmental;Viandes & Charcuterie;Fruits & Légumes
macaroni sauce tomate et boulettes au buf;Épicerie salée;Épicerie salée
eminces de boeuf sauce poivre & pommes de terre;Fruits & Légumes;Fruits & Légumes
le filet de poulet et ses pommes de terre a la sarladaise;Viandes & Charcuterie;Viandes & Charcuterie
paella royale aux petites gambas et au safran;Poisson & Fruits de mer;Fruits & Légumes
la tajine de boeuf et ses legumes du soleil;Viandes & Charcuterie;Fruits & Légumes
gerostete mandel ohne zucker;Boissons;Boissons
ohne zucker hafer;Boissons;Boissons
oat drink barista edition;Boissons;Boissons
gerostete mandel;Boissons;Boissons
oat;Boissons;Boissons
vanille au soja;Fruits & Légumes;Fruits & Légumes
bio-almond-mandelmilch;Boissons;Boissons
bjorg amande almond sans sugres- no sugar;Fruits & Légumes;Fruits & Légumes
delicieuse & tropical coco;Boissons;Épicerie sucrée
natur mit kokosnuss;Fruits & Légumes;Fruits & Légumes
natural coconut yog;Fruits & Légumes;Fruits & Légumes
hafer barista edition;Boissons;Boissons
fermentiertes sojaprodukt, ungesusst;Fruits & Légumes;Fruits & Légumes
ohne zuckerzusatz* mango;Fruits & Légumes;Fruits & Légumes
alpro haferdrink, ungesusst 1 l, fresh;Boissons;Fruits & Légumes
barista hafer;Boissons;Boissons
the original organic oat drink imp;Fruits & Légumes;Boissons
soyamilch;Boissons;Fruits & Légumes
avoine - boisson biologique;Fruits & Légumes;Fruits & Légumes
oat drink whole;Boissons;Boissons
ovomaltine - vitamin & mineral bars, 5 ct 100g (3.5oz);Fruits & Légumes;Fruits & Légumes
wafer sandwich;Boissons;Fruits & Légumes
live rostoy;Boissons;Boissons
preparation de fruits clementines et oranges de corse;Boissons;Boissons
real tesoro cream;Boissons;Épicerie sucrée
reserve malbec;Boissons;Fruits & Légumes
martini rosso;Boissons;Fruits & Légumes
campo viejo rioja;Boissons;Fruits & Légumes
vin blanc sec;Fruits & Légumes;Fruits & Légumes
vinaigre de vin blanc aromatise noix;Fruits & Légumes;Fruits & Légumes
jam shed shiraz;Boissons;Fruits & Légumes
red blend from australia;Fruits & Légumes;Fruits & Légumes
vin;Fruits & Légumes;Fruits & Légumes
mateus rose original;Boissons;Boissons
primitivo rotwein;Boissons;Fruits & Légumes
adama;Fruits & Légumes;Fruits & Légumes
comte;Boissons;Fruits & Légumes
green tea;Boissons;Fruits & Légumes
41022;Boissons;Boissons
pet 1.2l maytea menthe;Boissons;Boissons
apple & raisin oat bar;Boissons;Boissons
the;Fruits & Légumes;Fruits & Légumes
gunpowder the vert nature;Boissons;Fruits & Légumes
yellow label;Boissons;Fruits & Légumes
the vert de chine;Boissons;Fruits & Légumes
el bellar the best selling moroccan green tea 200g;Fruits & Légumes;Fruits & Légumes
the earl grey;Boissons;Fruits & Légumes
peach ice tea;Fruits & Légumes;Fruits & Légumes
al ambar the vert en grains;Boissons;Fruits & Légumes
the vert glace saveur citron vert & menthe;Fruits & Légumes;Fruits & Légumes
the vert menthe intense menthe verte & menthe poivree;Boissons;Boissons
the vert;Fruits & Légumes;Fruits & Légumes
infusion a froid detox cranberry framboise hibiscus;Boissons;Fruits & Légumes
